Well,Expt_date,UMI_pattern,UMI_seq,design_name,Well_BC_seq,Sample,Drug,RNA_type,Biological_replicate,Species,Researcher,Input,Input_amount,Modality,Lib_Prep,Plate_replicate,Plate_BC,Plate_index,Sample_BC,Intergenic,Exon,Ambiguity,Unmapped,Reads,Mapped,Exon_Map,sum,detected,subsets_Mito_sum,subsets_Mito_detected,subsets_Mito_percent,subsets_Human_sum,subsets_Human_detected,subsets_Human_percent,subsets_Mouse_sum,subsets_Mouse_detected,subsets_Mouse_percent,total
K5,230831,Karst_rev,NNNNNNNNRYNNNRYNNN,MB2_KF_DS-246,AAAGACTTCG,HEK293,U12ASO,Total,6,Human,SM,RNA,NA,GEX,TSO,One,SI-TT-A4,CTCTAGCG,CTCTAGCGAAAGACTTCG,22479,91843,5662,29115,149099,80.47270605436657,61.598669340505296,79033,12602,4175,80,5.282603469436817,66135,8852,83.68023483861172,12898,3750,16.31976516138828,79033
G9,230831,Karst_rev,NNNNNNNNRYNNNRYNNN,MB2_KF_DS-143,AAAGTGTGTG,HEK293,NTASO,Total,2,Human,SM,RNA,NA,GEX,TSO,One,SI-TT-A4,CTCTAGCG,CTCTAGCGAAAGTGTGTG,25298,98904,6149,33006,163357,79.79517253622434,60.544696584780574,85121,13411,4099,79,4.815497938229109,70129,9299,82.38742495976315,14992,4112,17.612575040236838,85121
E13,230831,Karst_Fwd,NNNNNNNNYRNNNYRNNN,MB2_KF_DS-97,AACGAGCCTG,NIH3T3,None,Total,1,Mouse,DB,RNA,1000,GEX,TSO,One,SI-TT-A4,CTCTAGCG,CTCTAGCGAACGAGCCTG,33813,140975,7394,45059,227241,80.17127190955858,62.03766045739986,119170,15768,2684,74,2.252244692456155,49801,8219,41.78988000335655,69369,7549,58.21011999664345,119170
M3,230831,Karst_rev,NNNNNNNNRYNNNRYNNN,MB2_KR_DS-279,AACGTCAGCC,HEK293T,None,Total,1,Human,DB,RNA,1000,GEX,TSO,One,SI-TT-A4,CTCTAGCG,CTCTAGCGAACGTCAGCC,16541,66519,3903,22357,109320,79.54903036955727,60.84796926454445,57455,11350,2447,71,4.258985292837873,46878,8001,81.5908101992864,10577,3349,18.4091898007136,57455
M13,230831,Karst_Fwd,NNNNNNNNYRNNNYRNNN,MB2_KF_DS-292,AAGATTTGCC,NIH3T3,None,Total,1,Mouse,DB,RNA,1000,GEX,TSO,One,SI-TT-A4,CTCTAGCG,CTCTAGCGAAGATTTGCC,2409,10474,650,3441,16974,79.72781901732061,61.70613880051844,8743,3280,95,24,1.0865835525563308,2464,1059,28.182546036829464,6279,2221,71.81745396317054,8743
I21,230831,Karst_Fwd,NNNNNNNNYRNNNYRNNN,MB2_KF_DS-227,ACAAAGAGAG,HEK293,U12ASO,Nascent,5,Human,SM,RNA,NA,GEX,TSO,One,SI-TT-A4,CTCTAGCG,CTCTAGCGACAAAGAGAG,65447,252938,16107,113508,448000,74.66339285714285,56.459375,210112,18129,12722,106,6.054865976241243,193493,13727,92.09040892476393,16619,4402,7.909591075236065,210112
A3,230831,Karst_rev,NNNNNNNNRYNNNRYNNN,MB2_KR_DS-21,ACAGTAGCTC,HEK293T,None,Total,1,Human,DB,RNA,1000,GEX,TSO,One,SI-TT-A4,CTCTAGCG,CTCTAGCGACAGTAGCTC,15031,111708,6266,20797,153802,86.47806920586208,72.63104510994656,89209,9631,3344,67,3.7485007118115887,87341,8533,97.90604087031578,1868,1098,2.0939591296842246,89209
K15,230831,Karst_Fwd,NNNNNNNNYRNNNYRNNN,MB2_KR_DS-264,ACATCCATGT,NIH3T3,None,Total,1,Mouse,DB,RNA,1000,GEX,TSO,One,SI-TT-A4,CTCTAGCG,CTCTAGCGACATCCATGT,5420,20981,1477,7568,35446,78.6492128872087,59.19144614342944,17410,5495,320,37,1.8380241240666284,8575,2593,49.25330269959793,8835,2902,50.74669730040207,17410
G13,230831,Karst_rev,NNNNNNNNRYNNNRYNNN,MB2_KF_DS-150,ACCGACGTAA,NIH3T3,None,Total,1,Mouse,DB,RNA,1000,GEX,TSO,One,SI-TT-A4,CTCTAGCG,CTCTAGCGACCGACGTAA,37121,159330,8636,52843,257930,79.51265847322917,61.772573954173616,132535,16069,2763,70,2.084732334854944,52097,8226,39.308107292413325,80438,7843,60.69189270758667,132535
O15,230831,Karst_Fwd,NNNNNNNNYRNNNYRNNN,MB2_KR_DS-357,ACGCCTATCG,NIH3T3,None,Total,1,Mouse,DB,RNA,1000,GEX,TSO,One,SI-TT-A4,CTCTAGCG,CTCTAGCGACGCCTATCG,3896,16560,967,5396,26819,79.8799358663634,61.747268727394754,14077,5458,415,39,2.9480713220146337,7350,2982,52.2128294380905,6727,2476,47.7871705619095,14077
K7,230831,Karst_Fwd,NNNNNNNNYRNNNYRNNN,MB2_KR_DS-247,ACGTTTGATG,HEK293,U12ASO,Total,6,Human,SM,RNA,NA,GEX,TSO,One,SI-TT-A4,CTCTAGCG,CTCTAGCGACGTTTGATG,21228,84043,5087,27847,138205,79.85094605839151,60.810390362143195,71353,12173,3674,81,5.1490476924586215,59332,8542,83.15277563662355,12021,3631,16.847224363376455,71353
G11,230831,Karst_Fwd,NNNNNNNNYRNNNYRNNN,MB2_KR_DS-146,AGAGTGCAAA,HEK293T,None,Total,1,Human,DB,RNA,1000,GEX,TSO,One,SI-TT-A4,CTCTAGCG,CTCTAGCGAGAGTGCAAA,32111,170559,9811,40960,253441,83.8384476071354,67.29731969176258,143821,14405,5463,89,3.798471711363431,129353,10405,89.94027297821597,14468,4000,10.059727021784024,143821
G3,230831,Karst_Fwd,NNNNNNNNYRNNNYRNNN,MB2_KR_DS-138,AGCACGTTTA,HEK293T,None,Total,1,Human,DB,RNA,1000,GEX,TSO,One,SI-TT-A4,CTCTAGCG,CTCTAGCGAGCACGTTTA,15240,106547,6131,20047,147965,86.45152569864494,72.00824519311999,85616,9558,3324,80,3.8824518781536166,83633,8432,97.68384414128201,1983,1126,2.3161558587179965,85616
C5,230831,Karst_rev,NNNNNNNNRYNNNRYNNN,MB2_KF_DS-58,AGTGACAGCG,HEK293,DMSO,Total,2,Human,SM,RNA,NA,GEX,TSO,One,SI-TT-A4,CTCTAGCG,CTCTAGCGAGTGACAGCG,28493,118222,7382,36792,190889,80.72597163796762,61.93232716395393,99419,13720,5227,78,5.2575463442601515,84509,9665,85.00286665526711,14910,4055,14.9971333447329,99419
E21,230831,Karst_Fwd,NNNNNNNNYRNNNYRNNN,MB2_KF_DS-109,AGTTCCGTGA,HEK293,DMSO,Nascent,2,Human,SM,RNA,NA,GEX,TSO,One,SI-TT-A4,CTCTAGCG,CTCTAGCGAGTTCCGTGA,86486,278307,16993,126385,508171,75.12943477687628,54.76640737074725,226405,18675,14258,105,6.297564099732781,208079,14073,91.90565579382081,18326,4602,8.094344206179192,226405
O11,230831,Karst_Fwd,NNNNNNNNYRNNNYRNNN,MB2_KR_DS-348,ATAGAACCGC,HEK293T,None,Total,1,Human,DB,RNA,1000,GEX,TSO,One,SI-TT-A4,CTCTAGCG,CTCTAGCGATAGAACCGC,22231,89075,5222,29963,146491,79.54618372459741,60.80578329044105,76660,12736,3365,80,4.389512131489695,61999,8692,80.87529350378294,14661,4044,19.124706496217062,76660
E9,230831,Karst_Fwd,NNNNNNNNYRNNNYRNNN,MB2_KF_DS-88,ATCGCGTTGT,HEK293,NTASO,Total,1,Human,SM,RNA,NA,GEX,TSO,One,SI-TT-A4,CTCTAGCG,CTCTAGCGATCGCGTTGT,22090,90128,5564,28139,145921,80.71627798603353,61.76492759780977,77120,12583,3923,83,5.086877593360996,64650,8833,83.83039419087137,12470,3750,16.169605809128633,77120
G17,230831,Karst_rev,NNNNNNNNRYNNNRYNNN,MB2_KF_DS-154,ATGCAGTAGA,HEK293,NTASO,Nascent,1,Human,SM,RNA,NA,GEX,TSO,One,SI-TT-A4,CTCTAGCG,CTCTAGCGATGCAGTAGA,35881,139089,8900,67623,251493,73.11137884553446,55.30531664897234,109939,13587,7169,98,6.520888856547721,106999,11995,97.3257897561375,2940,1592,2.6742102438625057,109939
K13,230831,Karst_rev,NNNNNNNNRYNNNRYNNN,MB2_KF_DS-262,ATGTCGCGTG,NIH3T3,None,Total,1,Mouse,DB,RNA,1000,GEX,TSO,One,SI-TT-A4,CTCTAGCG,CTCTAGCGATGTCGCGTG,1717,7623,414,2208,11962,81.54154823608093,63.72680153820431,6368,2778,49,14,0.7694723618090452,1170,751,18.373115577889447,5198,2027,81.62688442211056,6368
O9,230831,Karst_rev,NNNNNNNNRYNNNRYNNN,MB2_KF_DS-346,CAATCACTGA,HEK293,PladB,Total,5,Human,SM,RNA,NA,GEX,TSO,One,SI-TT-A4,CTCTAGCG,CTCTAGCGCAATCACTGA,28607,109928,6879,38057,183471,79.25721231148248,59.915736001874954,92402,12970,4925,79,5.329971212744313,78282,9029,84.71894547737062,14120,3941,15.28105452262938,92402
M1,230831,Karst_Fwd,NNNNNNNNYRNNNYRNNN,MB2_KF_DS-276,CAATTGTTCG,NTC,None,None,1,NTC,DB,None,0,GEX,TSO,One,SI-TT-A4,CTCTAGCG,CTCTAGCGCAATTGTTCG,807,2625,173,1091,4696,76.76746166950596,55.89863713798978,2264,1549,95,25,4.196113074204947,1790,1174,79.06360424028269,474,375,20.936395759717314,2264
M5,230831,Karst_Fwd,NNNNNNNNYRNNNYRNNN,MB2_KF_DS-280,CATGTACTTG,HEK293,PladB,Total,4,Human,SM,RNA,NA,GEX,TSO,One,SI-TT-A4,CTCTAGCG,CTCTAGCGCATGTACTTG,26699,100752,6087,33399,166937,79.99305127083869,60.353306936149565,84640,12688,4753,81,5.61554820415879,71409,8818,84.3679111531191,13231,3870,15.632088846880906,84640
E5,230831,Karst_Fwd,NNNNNNNNYRNNNYRNNN,MB2_KF_DS-85,CCAAGACGTG,HEK293,NTASO,Total,1,Human,SM,RNA,NA,GEX,TSO,One,SI-TT-A4,CTCTAGCG,CTCTAGCGCCAAGACGTG,24901,95822,5690,31845,158258,79.87779448748246,60.54796597960292,83182,13031,4013,81,4.824361039648001,69056,9096,83.01796061647953,14126,3935,16.982039383520473,83182
A9,230831,Karst_Fwd,NNNNNNNNYRNNNYRNNN,MB2_KF_DS-27,CCGTATGTAG,HEK293,DMSO,Total,1,Human,SM,RNA,NA,GEX,TSO,One,SI-TT-A4,CTCTAGCG,CTCTAGCGCCGTATGTAG,21931,85192,5198,28048,140369,80.01838012666614,60.691463214812394,72413,12302,3496,81,4.827862400397718,60058,8708,82.93814646541367,12355,3594,17.06185353458633,72413
M7,230831,Karst_rev,NNNNNNNNRYNNNRYNNN,MB2_KR_DS-288,CCTCTGAGCA,HEK293,PladB,Total,4,Human,SM,RNA,NA,GEX,TSO,One,SI-TT-A4,CTCTAGCG,CTCTAGCGCCTCTGAGCA,31635,122796,7642,42119,204192,79.37284516533458,60.13751763046544,103276,13826,5350,85,5.180293582245634,87669,9679,84.88806692745653,15607,4147,15.111933072543476,103276
O3,230831,Karst_Fwd,NNNNNNNNYRNNNYRNNN,MB2_KR_DS-322,CGTAAGTGTT,HEK293T,None,Total,1,Human,DB,RNA,1000,GEX,TSO,One,SI-TT-A4,CTCTAGCG,CTCTAGCGCGTAAGTGTT,24092,98051,5896,34907,162946,78.5775655738711,60.17392264922121,84169,13278,3744,84,4.4481935154272945,67761,9101,80.50588696550986,16408,4177,19.49411303449013,84169
A7,230831,Karst_rev,NNNNNNNNRYNNNRYNNN,MB2_KR_DS-25,CGTCAATAGT,HEK293,DMSO,Total,1,Human,SM,RNA,NA,GEX,TSO,One,SI-TT-A4,CTCTAGCG,CTCTAGCGCGTCAATAGT,9308,34208,2002,12558,58076,78.37660995936359,58.90212824574695,29618,7991,1733,54,5.8511715848470525,24216,5729,81.76109122830711,5402,2262,18.238908771692888,29618
I7,230831,Karst_rev,NNNNNNNNRYNNNRYNNN,MB2_KR_DS-194,CGTCACTCTA,HEK293,U12ASO,Total,5,Human,SM,RNA,NA,GEX,TSO,One,SI-TT-A4,CTCTAGCG,CTCTAGCGCGTCACTCTA,24558,98025,6039,34118,162740,79.03527098439228,60.234115767481875,82087,13059,3862,79,4.704764457222215,67813,9013,82.61113209156139,14274,4046,17.388867908438606,82087
G19,230831,Karst_Fwd,NNNNNNNNYRNNNYRNNN,MB2_KR_DS-160,CGTTGAACTG,HEK293,NTASO,Nascent,1,Human,SM,RNA,NA,GEX,TSO,One,SI-TT-A4,CTCTAGCG,CTCTAGCGCGTTGAACTG,60146,225622,13954,100060,399782,74.97135939086803,56.43625776047946,185627,17918,10250,109,5.521826027463677,167211,13292,90.07902945153454,18416,4626,9.9209705484654709,185627
E15,230831,Karst_rev,NNNNNNNNRYNNNRYNNN,MB2_KR_DS-98,CTACATGTCG,NIH3T3,None,Total,1,Mouse,DB,RNA,1000,GEX,TSO,One,SI-TT-A4,CTCTAGCG,CTCTAGCGCTACATGTCG,14799,72453,3601,20400,111253,81.66341581800042,65.12453596756941,58220,8987,290,29,0.49811061490896597,6448,2311,11.075231879079354,51772,6676,88.92476812092065,58220
I15,230831,Karst_rev,NNNNNNNNRYNNNRYNNN,MB2_KR_DS-216,CTAGCCTCGA,NIH3T3,None,Total,1,Mouse,DB,RNA,1000,GEX,TSO,One,SI-TT-A4,CTCTAGCG,CTCTAGCGCTAGCCTCGA,2719,11540,645,3762,18666,79.8457087753134,61.82363655844851,9376,3596,86,23,0.917235494880546,2165,1099,23.090870307167236,7211,2497,76.90912969283276,9376
K3,230831,Karst_Fwd,NNNNNNNNYRNNNYRNNN,MB2_KR_DS-243,CTGAAACGAG,HEK293T,None,Total,1,Human,DB,RNA,1000,GEX,TSO,One,SI-TT-A4,CTCTAGCG,CTCTAGCGCTGAAACGAG,22020,87675,5047,28498,143240,80.10471935213627,61.20846132365261,75908,12689,3428,73,4.515993044211414,61345,8720,80.81493386731307,14563,3969,19.185066132686938,75908
O23,230831,Karst_Fwd,NNNNNNNNYRNNNYRNNN,MB2_KR_DS-380,CTGTCTTGTA,NTC,None,None,1,NTC,DB,None,0,GEX,TSO,One,SI-TT-A4,CTCTAGCG,CTCTAGCGCTGTCTTGTA,9600,34806,2074,12661,59141,78.59183984038145,58.85257266532524,30062,8392,1288,61,4.284478743929213,23374,5812,77.75264453462843,6688,2580,22.247355465371566,30062
M15,230831,Karst_rev,NNNNNNNNRYNNNRYNNN,MB2_KR_DS-293,CTTTCGTGAC,NIH3T3,None,Total,1,Mouse,DB,RNA,1000,GEX,TSO,One,SI-TT-A4,CTCTAGCG,CTCTAGCGCTTTCGTGAC,1836,8524,385,2522,13267,80.99042737619658,64.24964196879476,6898,2837,47,16,0.68135691504784,1089,664,15.787184691214845,5809,2173,84.21281530878517,6898
I17,230831,Karst_Fwd,NNNNNNNNYRNNNYRNNN,MB2_KF_DS-217,GAAAGCAGTG,HEK293,U12ASO,Nascent,5,Human,SM,RNA,NA,GEX,TSO,One,SI-TT-A4,CTCTAGCG,CTCTAGCGGAAAGCAGTG,72911,287143,18955,128388,507397,74.69673648050738,56.5913870204199,234675,18799,12869,104,5.48375412804943,215144,14044,91.6774262277618,19531,4755,8.322573772238202,234675
E17,230831,Karst_Fwd,NNNNNNNNYRNNNYRNNN,MB2_KF_DS-107,GAAGTTCCGT,HEK293,DMSO,Nascent,2,Human,SM,RNA,NA,GEX,TSO,One,SI-TT-A4,CTCTAGCG,CTCTAGCGGAAGTTCCGT,57835,181081,11299,87520,337735,74.08619183679511,53.61629680074614,143069,15030,10094,104,7.055336935324913,139107,13006,97.23070686172406,3962,2024,2.7692931382759367,143069
K11,230831,Karst_Fwd,NNNNNNNNYRNNNYRNNN,MB2_KR_DS-261,GAATCCTACA,HEK293T,None,Total,1,Human,DB,RNA,1000,GEX,TSO,One,SI-TT-A4,CTCTAGCG,CTCTAGCGGAATCCTACA,20074,79687,4781,26829,131371,79.5776845726987,60.65798387772035,68093,12086,2849,77,4.18398366939333,54959,8311,80.71167374032572,13134,3775,19.288326259674268,68093
C13,230831,Karst_rev,NNNNNNNNRYNNNRYNNN,MB2_KF_DS-70,GACCAGCTAT,NIH3T3,None,Total,1,Mouse,DB,RNA,1000,GEX,TSO,One,SI-TT-A4,CTCTAGCG,CTCTAGCGGACCAGCTAT,38937,168139,9200,55469,271745,79.5878489024637,61.873815525584654,140792,16704,3225,78,2.290613103017217,59323,8784,42.13520654582647,81469,7920,57.86479345417354,140792
C9,230831,Karst_rev,NNNNNNNNRYNNNRYNNN,MB2_KF_DS-65,GAGCATATTC,HEK293,DMSO,Total,2,Human,SM,RNA,NA,GEX,TSO,One,SI-TT-A4,CTCTAGCG,CTCTAGCGGAGCATATTC,28253,114221,7053,38347,187874,79.58897984819613,60.79659771974835,95670,13470,4943,87,5.166718929654019,81709,9546,85.40712867147487,13961,3924,14.59287132852514,95670
M23,230831,Karst_rev,NNNNNNNNRYNNNRYNNN,MB2_KR_DS-313,GAGCCTCCAT,NTC,None,None,1,NTC,DB,None,0,GEX,TSO,One,SI-TT-A4,CTCTAGCG,CTCTAGCGGAGCCTCCAT,2124,7504,465,2750,12843,78.58755742427782,58.428716032079734,6561,3303,297,35,4.526748971193416,5078,2369,77.3967383020881,1483,934,22.603261697911904,6561
E7,230831,Karst_rev,NNNNNNNNRYNNNRYNNN,MB2_KR_DS-87,GAGCCTTTGA,HEK293,NTASO,Total,1,Human,SM,RNA,NA,GEX,TSO,One,SI-TT-A4,CTCTAGCG,CTCTAGCGGAGCCTTTGA,26145,101180,6208,34779,168312,79.3365891915015,60.114549170587964,85309,13153,4354,86,5.103799130220727,71748,9268,84.10367018720181,13561,3885,15.896329812798179,85309
E11,230831,Karst_rev,NNNNNNNNRYNNNRYNNN,MB2_KR_DS-94,GATGACACGA,HEK293T,None,Total,1,Human,DB,RNA,1000,GEX,TSO,One,SI-TT-A4,CTCTAGCG,CTCTAGCGGATGACACGA,39275,209630,12156,52583,313644,83.23481399293466,66.83692339085077,172126,15503,6965,94,4.046454341586977,154484,11067,89.75053158732557,17642,4436,10.249468412674437,172126
O5,230831,Karst_rev,NNNNNNNNRYNNNRYNNN,MB2_KF_DS-332,GCACATCAAG,HEK293,PladB,Total,5,Human,SM,RNA,NA,GEX,TSO,One,SI-TT-A4,CTCTAGCG,CTCTAGCGGCACATCAAG,28865,107818,6491,36627,179801,79.62914555536399,59.965183730902496,91832,13255,4868,79,5.30098440630717,77105,9151,83.96310654238174,14727,4104,16.03689345761826,91832
M9,230831,Karst_Fwd,NNNNNNNNYRNNNYRNNN,MB2_KF_DS-290,GCCAACAGAA,HEK293,PladB,Total,4,Human,SM,RNA,NA,GEX,TSO,One,SI-TT-A4,CTCTAGCG,CTCTAGCGGCCAACAGAA,27192,104511,6390,35286,173379,79.64805426262696,60.278926513591614,89633,13227,4541,85,5.066214452266465,74986,9167,83.65892026374215,14647,4060,16.341079736257853,89633
O19,230831,Karst_Fwd,NNNNNNNNYRNNNYRNNN,MB2_KR_DS-377,GCTACCTAGC,HEK293,None,No_4sU,1,Human,SM,RNA,NA,GEX,TSO,One,SI-TT-A4,CTCTAGCG,CTCTAGCGGCTACCTAGC,388947,2130764,137894,486484,3144089,84.52702833793828,67.77047341853236,1679035,25589,93687,129,5.579812213563148,1633920,18590,97.31303993067446,45115,6999,2.686960069325535,1679035
K21,230831,Karst_rev,NNNNNNNNRYNNNRYNNN,MB2_KF_DS-272,GCTTCGCTTT,HEK293,PladB,Nascent,4,Human,SM,RNA,NA,GEX,TSO,One,SI-TT-A4,CTCTAGCG,CTCTAGCGGCTTCGCTTT,59358,119934,6895,107484,293671,63.399859025916754,40.83957898464609,103211,14633,13068,87,12.661441125461433,87089,10319,84.37957194485084,16122,4314,15.62042805514916,103211
A15,230831,Karst_rev,NNNNNNNNRYNNNRYNNN,MB2_KR_DS-36,GGAAACTCCA,NIH3T3,None,Total,2,Mouse,DB,RNA,1000,GEX,TSO,One,SI-TT-A4,CTCTAGCG,CTCTAGCGGGAAACTCCA,11386,54877,2832,16913,86008,80.33555018137848,63.80452981118035,44942,7575,131,24,0.29148680521561127,4376,1677,9.736994348271105,40566,5898,90.2630056517289,44942
I19,230831,Karst_rev,NNNNNNNNRYNNNRYNNN,MB2_KR_DS-224,GGACCGTTAA,HEK293,U12ASO,Nascent,5,Human,SM,RNA,NA,GEX,TSO,One,SI-TT-A4,CTCTAGCG,CTCTAGCGGGACCGTTAA,79297,298843,18609,140666,537415,73.8254421629467,55.60749141724738,242314,18692,15861,106,6.545639129394091,226257,14203,93.37347408734122,16057,4489,6.626525912658781,242314
C7,230831,Karst_Fwd,NNNNNNNNYRNNNYRNNN,MB2_KR_DS-59,GGACGAATTA,HEK293,DMSO,Total,2,Human,SM,RNA,NA,GEX,TSO,One,SI-TT-A4,CTCTAGCG,CTCTAGCGGGACGAATTA,29145,117298,7103,39542,193088,79.52125455750746,60.748467020218754,98620,13798,5044,85,5.114581220847699,83039,9628,84.20097343338065,15581,4170,15.799026566619348,98620
C11,230831,Karst_Fwd,NNNNNNNNYRNNNYRNNN,MB2_KR_DS-69,GGAGTGACTT,HEK293T,None,Total,1,Human,DB,RNA,1000,GEX,TSO,One,SI-TT-A4,CTCTAGCG,CTCTAGCGGGAGTGACTT,44548,232519,13895,59625,350587,82.99280920285122,66.32276724464968,192715,16383,7511,94,3.8974651687725395,171713,11571,89.1020418753081,21002,4812,10.897958124691902,192715
I11,230831,Karst_rev,NNNNNNNNRYNNNRYNNN,MB2_KR_DS-197,GGCCAATCAA,HEK293T,None,Total,1,Human,DB,RNA,1000,GEX,TSO,One,SI-TT-A4,CTCTAGCG,CTCTAGCGGGCCAATCAA,13664,56727,3304,18384,92079,80.0345355618545,61.606881047795916,49176,10373,2182,63,4.437123800227753,39841,7246,81.01716284366357,9335,3127,18.982837156336423,49176
O17,230831,Karst_rev,NNNNNNNNRYNNNRYNNN,MB2_KF_DS-365,GTCACCTGAC,HEK293,None,No_4sU,1,Human,SM,RNA,NA,GEX,TSO,One,SI-TT-A4,CTCTAGCG,CTCTAGCGGTCACCTGAC,363562,1969666,128797,439245,2901270,84.86025085565976,67.8897861970792,1556754,24431,80340,123,5.160738305474082,1523704,18350,97.8769927682858,33050,6081,2.1230072317141953,1556754
O7,230831,Karst_Fwd,NNNNNNNNYRNNNYRNNN,MB2_KR_DS-333,GTCAGTTCTT,HEK293,PladB,Total,5,Human,SM,RNA,NA,GEX,TSO,One,SI-TT-A4,CTCTAGCG,CTCTAGCGGTCAGTTCTT,30728,116611,7139,39252,193730,79.7388117483095,60.19253600371651,98237,13565,5468,89,5.5661308875474615,83034,9498,84.52416095768397,15203,4067,15.47583904231603,98237
K19,230831,Karst_Fwd,NNNNNNNNYRNNNYRNNN,MB2_KR_DS-271,GTTAAACGTC,HEK293,PladB,Nascent,4,Human,SM,RNA,NA,GEX,TSO,One,SI-TT-A4,CTCTAGCG,CTCTAGCGGTTAAACGTC,62060,113840,6172,113120,295192,61.67917829751484,38.56473075151088,96626,14049,14832,98,15.349905822449445,82426,10018,85.30416244075094,14200,4031,14.695837559249064,96626
I3,230831,Karst_rev,NNNNNNNNRYNNNRYNNN,MB2_KR_DS-189,GTTCGTACTC,HEK293T,None,Total,1,Human,DB,RNA,1000,GEX,TSO,One,SI-TT-A4,CTCTAGCG,CTCTAGCGGTTCGTACTC,2366,15458,887,3598,22309,83.87197991841857,69.29042090636067,12458,3633,513,38,4.117835928720501,11877,3201,95.33633006903194,581,432,4.6636699309680525,12458
A5,230831,Karst_Fwd,NNNNNNNNYRNNNYRNNN,MB2_KF_DS-24,GTTCTGTCGT,HEK293,DMSO,Total,1,Human,SM,RNA,NA,GEX,TSO,One,SI-TT-A4,CTCTAGCG,CTCTAGCGGTTCTGTCGT,16911,65103,3827,22274,108115,79.39786338620914,60.216436202192114,55191,11097,2910,71,5.272598793281514,44846,7802,81.2560018843652,10345,3295,18.743998115634795,55191
I13,230831,Karst_Fwd,NNNNNNNNYRNNNYRNNN,MB2_KF_DS-207,GTTTGCGTTC,NIH3T3,None,Total,1,Mouse,DB,RNA,1000,GEX,TSO,One,SI-TT-A4,CTCTAGCG,CTCTAGCGGTTTGCGTTC,2156,10202,533,3191,16082,80.15794055465739,63.43738341002363,8216,3167,45,13,0.547711781888997,1105,658,13.449367088607595,7111,2509,86.5506329113924,8216
G15,230831,Karst_Fwd,NNNNNNNNYRNNNYRNNN,MB2_KR_DS-152,TAACCAGATC,NIH3T3,None,Total,1,Mouse,DB,RNA,1000,GEX,TSO,One,SI-TT-A4,CTCTAGCG,CTCTAGCGTAACCAGATC,49047,192447,12594,66279,320367,79.31153957804642,60.070793808351056,159678,17012,3276,83,2.0516289031676247,75799,8881,47.46990819023284,83879,8131,52.53009180976716,159678
O1,230831,Karst_rev,NNNNNNNNRYNNNRYNNN,MB2_KF_DS-314,TAATGCGAAA,NTC,None,None,1,NTC,DB,None,0,GEX,TSO,One,SI-TT-A4,CTCTAGCG,CTCTAGCGTAATGCGAAA,11575,42762,2577,15261,72175,78.85555940422584,59.24766193280222,37431,9374,1735,65,4.635195426250968,28996,6473,77.46520263952338,8435,2901,22.53479736047661,37431
G21,230831,Karst_rev,NNNNNNNNRYNNNRYNNN,MB2_KF_DS-163,TACCCGAGCA,HEK293,NTASO,Nascent,1,Human,SM,RNA,NA,GEX,TSO,One,SI-TT-A4,CTCTAGCG,CTCTAGCGTACCCGAGCA,65154,236831,14223,108163,424371,74.51216035025956,55.80753633023934,192718,17968,11085,104,5.751927687086831,175294,13436,90.9588102823815,17424,4532,9.041189717618488,192718
E19,230831,Karst_rev,NNNNNNNNRYNNNRYNNN,MB2_KR_DS-108,TAGAGATCCG,HEK293,DMSO,Nascent,2,Human,SM,RNA,NA,GEX,TSO,One,SI-TT-A4,CTCTAGCG,CTCTAGCGTAGAGATCCG,73791,249288,15375,108646,447100,75.69984343547304,55.756653992395435,205406,18406,12416,103,6.044614081380291,185824,13573,90.46668549117358,19582,4833,9.533314508826422,205406
M11,230831,Karst_rev,NNNNNNNNRYNNNRYNNN,MB2_KR_DS-291,TGACCACAAG,HEK293T,None,Total,1,Human,DB,RNA,1000,GEX,TSO,One,SI-TT-A4,CTCTAGCG,CTCTAGCGTGACCACAAG,18386,72955,4231,24282,119854,79.74035076009145,60.869891701570246,62470,11555,2759,71,4.416519929566192,50200,7987,80.35857211461501,12270,3568,19.641427885384985,62470
E3,230831,Karst_rev,NNNNNNNNRYNNNRYNNN,MB2_KR_DS-84,TGAGCTTAGT,HEK293T,None,Total,1,Human,DB,RNA,1000,GEX,TSO,One,SI-TT-A4,CTCTAGCG,CTCTAGCGTGAGCTTAGT,17421,120890,7068,22779,168158,86.45381129651875,71.8907218211444,97062,10008,3717,80,3.829511034184336,94844,8814,97.71486266510065,2218,1194,2.2851373348993427,97062
G7,230831,Karst_Fwd,NNNNNNNNYRNNNYRNNN,MB2_KR_DS-140,TGCACAGAGA,HEK293,NTASO,Total,2,Human,SM,RNA,NA,GEX,TSO,One,SI-TT-A4,CTCTAGCG,CTCTAGCGTGCACAGAGA,18584,72365,4488,25693,121130,78.78890448278709,59.74159993395526,60992,11192,3326,75,5.453174186778594,52105,8107,85.42923662119622,8887,3085,14.570763378803777,60992
I5,230831,Karst_Fwd,NNNNNNNNYRNNNYRNNN,MB2_KF_DS-192,TGCTTTGCGA,HEK293,U12ASO,Total,5,Human,SM,RNA,NA,GEX,TSO,One,SI-TT-A4,CTCTAGCG,CTCTAGCGTGCTTTGCGA,30046,116674,7038,39216,192974,79.67809134909366,60.46099474540612,99725,14260,4728,83,4.741037854098772,81059,9742,81.28252694911005,18666,4518,18.717473050889947,99725
K9,230831,Karst_rev,NNNNNNNNRYNNNRYNNN,MB2_KF_DS-250,TGTAGTTGCG,HEK293,U12ASO,Total,6,Human,SM,RNA,NA,GEX,TSO,One,SI-TT-A4,CTCTAGCG,CTCTAGCGTGTAGTTGCG,26142,105215,6510,33309,171176,80.54108052530728,61.46597653876712,88687,13301,4536,79,5.11461657289118,73956,9257,83.38989930880513,14731,4044,16.610100691194877,88687
O13,230831,Karst_rev,NNNNNNNNRYNNNRYNNN,MB2_KF_DS-349,TTATGAGCTG,NIH3T3,None,Total,1,Mouse,DB,RNA,1000,GEX,TSO,One,SI-TT-A4,CTCTAGCG,CTCTAGCGTTATGAGCTG,5254,21336,1243,6913,34746,80.1041846543487,61.405629424969774,17752,6117,473,42,2.664488508337089,9743,3323,54.88395673726904,8009,2794,45.11604326273096,17752
C15,230831,Karst_Fwd,NNNNNNNNYRNNNYRNNN,MB2_KR_DS-74,TTCATGCGAT,NIH3T3,None,Total,1,Mouse,DB,RNA,1000,GEX,TSO,One,SI-TT-A4,CTCTAGCG,CTCTAGCGTTCATGCGAT,34289,144934,8068,47834,235125,79.65592769803297,61.64125465178096,121920,15913,2885,71,2.3663057742782154,53566,8340,43.93536745406824,68354,7573,56.06463254593176,121920
O21,230831,Karst_rev,NNNNNNNNRYNNNRYNNN,MB2_KF_DS-378,TTCGAGTTCG,HEK293,None,No_4sU,1,Human,SM,RNA,NA,GEX,TSO,One,SI-TT-A4,CTCTAGCG,CTCTAGCGTTCGAGTTCG,396245,2094475,136597,439101,3066418,85.68032799181324,68.30363636007877,1659379,25709,95659,129,5.764746932436773,1613157,18673,97.21450012323888,46222,7036,2.7854998767611256,1659379
I9,230831,Karst_Fwd,NNNNNNNNYRNNNYRNNN,MB2_KF_DS-196,TTCTAGCAAG,HEK293,U12ASO,Total,5,Human,SM,RNA,NA,GEX,TSO,One,SI-TT-A4,CTCTAGCG,CTCTAGCGTTCTAGCAAG,24150,94776,5804,31894,156624,79.63658187761774,60.5117989580141,79781,12727,4082,81,5.116506436369562,66727,8887,83.63770822626941,13054,3840,16.362291773730586,79781
K17,230831,Karst_rev,NNNNNNNNRYNNNRYNNN,MB2_KF_DS-270,TTGTCAGTGT,HEK293,PladB,Nascent,4,Human,SM,RNA,NA,GEX,TSO,One,SI-TT-A4,CTCTAGCG,CTCTAGCGTTGTCAGTGT,47982,54853,2947,98011,203793,51.90659149234762,26.916037351626404,44071,8624,12079,76,27.408046107417576,41783,7277,94.8083773910281,2288,1347,5.191622608971886,44071
G5,230831,Karst_rev,NNNNNNNNRYNNNRYNNN,MB2_KF_DS-139,TTTCGACGTA,HEK293,NTASO,Total,2,Human,SM,RNA,NA,GEX,TSO,One,SI-TT-A4,CTCTAGCG,CTCTAGCGTTTCGACGTA,25659,101826,6175,34812,168472,79.3366256707346,60.440904126501735,85743,13117,4233,85,4.93684615653756,71346,9193,83.20912494314405,14397,3924,16.790875056855953,85743
C3,230831,Karst_Fwd,NNNNNNNNYRNNNYRNNN,MB2_KR_DS-54,TTTGTTGTGA,HEK293T,None,Total,1,Human,DB,RNA,1000,GEX,TSO,One,SI-TT-A4,CTCTAGCG,CTCTAGCGTTTGTTGTGA,16424,120032,6837,21466,164759,86.97127319296669,72.85307631146098,95866,10070,3598,79,3.7531554461435754,93879,8926,97.9273152108151,1987,1144,2.072684789184904,95866
K5,230831,Karst_rev,NNNNNNNNRYNNNRYNNN,MB2_KF_DS-246,AAAGACTTCG,HEK293,U12ASO,Total,6,Human,SM,RNA,NA,GEX,TSO,Two,SI-TT-A5,GTAGCCCT,GTAGCCCTAAAGACTTCG,1920,7289,423,1984,11616,82.92011019283747,62.749655647382916,6357,3015,314,34,4.939436841277332,6017,2734,94.65156520371244,340,281,5.348434796287557,6357
G9,230831,Karst_rev,NNNNNNNNRYNNNRYNNN,MB2_KF_DS-143,AAAGTGTGTG,HEK293,NTASO,Total,2,Human,SM,RNA,NA,GEX,TSO,Two,SI-TT-A5,GTAGCCCT,GTAGCCCTAAAGTGTGTG,26125,109264,6988,28687,171064,83.23025300472338,63.87317027545246,90560,11978,4512,87,4.982332155477032,87128,10188,96.21024734982332,3432,1790,3.7897526501766783,90560
E13,230831,Karst_Fwd,NNNNNNNNYRNNNYRNNN,MB2_KF_DS-97,AACGAGCCTG,NIH3T3,None,Total,1,Mouse,DB,RNA,1000,GEX,TSO,Two,SI-TT-A5,GTAGCCCT,GTAGCCCTAACGAGCCTG,758,2799,165,812,4534,82.09086898985443,61.73356859285399,2422,1570,147,23,6.069364161849711,2287,1444,94.4260941370768,135,126,5.573905862923204,2422
M3,230831,Karst_rev,NNNNNNNNRYNNNRYNNN,MB2_KR_DS-279,AACGTCAGCC,HEK293T,None,Total,1,Human,DB,RNA,1000,GEX,TSO,Two,SI-TT-A5,GTAGCCCT,GTAGCCCTAACGTCAGCC,18697,79068,4851,20518,123134,83.33685253463706,64.21297123458996,66500,10981,3011,76,4.527819548872181,63312,9324,95.20601503759399,3188,1657,4.793984962406015,66500
M13,230831,Karst_Fwd,NNNNNNNNYRNNNYRNNN,MB2_KF_DS-292,AAGATTTGCC,NIH3T3,None,Total,1,Mouse,DB,RNA,1000,GEX,TSO,Two,SI-TT-A5,GTAGCCCT,GTAGCCCTAAGATTTGCC,22631,87326,4981,25181,140119,82.02884690869904,62.32273995675105,74332,13206,3329,78,4.478555669159985,60608,9334,81.53688855405477,13724,3872,18.46311144594522,74332
I21,230831,Karst_Fwd,NNNNNNNNYRNNNYRNNN,MB2_KF_DS-227,ACAAAGAGAG,HEK293,U12ASO,Nascent,5,Human,SM,RNA,NA,GEX,TSO,Two,SI-TT-A5,GTAGCCCT,GTAGCCCTACAAAGAGAG,119532,458297,29310,190860,797999,76.08267679533432,57.430773722774084,357435,18221,20610,113,5.766083343824752,351115,15585,98.23184634968595,6320,2636,1.768153650314043,357435
A3,230831,Karst_rev,NNNNNNNNRYNNNRYNNN,MB2_KR_DS-21,ACAGTAGCTC,HEK293T,None,Total,1,Human,DB,RNA,1000,GEX,TSO,Two,SI-TT-A5,GTAGCCCT,GTAGCCCTACAGTAGCTC,44968,269510,15552,47465,377495,87.42632352746394,71.39432310361727,212612,14456,8162,95,3.838917840949711,208002,12387,97.83173104058096,4610,2069,2.1682689594190356,212612
K15,230831,Karst_Fwd,NNNNNNNNYRNNNYRNNN,MB2_KR_DS-264,ACATCCATGT,NIH3T3,None,Total,1,Mouse,DB,RNA,1000,GEX,TSO,Two,SI-TT-A5,GTAGCCCT,GTAGCCCTACATCCATGT,14300,55812,3436,15846,89394,82.27397811933687,62.43372038391838,47905,9766,2261,71,4.719757854086212,45277,8342,94.51414257384407,2628,1424,5.485857426155934,47905
G13,230831,Karst_rev,NNNNNNNNRYNNNRYNNN,MB2_KF_DS-150,ACCGACGTAA,NIH3T3,None,Total,1,Mouse,DB,RNA,1000,GEX,TSO,Two,SI-TT-A5,GTAGCCCT,GTAGCCCTACCGACGTAA,46831,209133,11164,50342,317470,84.1427536460138,65.87488581598261,166547,18065,3086,78,1.8529304040300936,60159,9280,36.121335118615164,106388,8785,63.878664881384836,166547
O15,230831,Karst_Fwd,NNNNNNNNYRNNNYRNNN,MB2_KR_DS-357,ACGCCTATCG,NIH3T3,None,Total,1,Mouse,DB,RNA,1000,GEX,TSO,Two,SI-TT-A5,GTAGCCCT,GTAGCCCTACGCCTATCG,17437,68800,4076,18917,109230,82.68149775702646,62.98635905886661,58277,11881,2395,78,4.1096830653602625,46615,8407,79.98867477735642,11662,3474,20.01132522264358,58277
K7,230831,Karst_Fwd,NNNNNNNNYRNNNYRNNN,MB2_KR_DS-247,ACGTTTGATG,HEK293,U12ASO,Total,6,Human,SM,RNA,NA,GEX,TSO,Two,SI-TT-A5,GTAGCCCT,GTAGCCCTACGTTTGATG,14250,54297,3460,15960,87967,81.85683267588982,61.72428296975002,46888,9693,2206,71,4.704828527555025,44150,8224,94.16055280668829,2738,1469,5.839447193311722,46888
G11,230831,Karst_Fwd,NNNNNNNNYRNNNYRNNN,MB2_KR_DS-146,AGAGTGCAAA,HEK293T,None,Total,1,Human,DB,RNA,1000,GEX,TSO,Two,SI-TT-A5,GTAGCCCT,GTAGCCCTAGAGTGCAAA,36665,216155,12745,37478,303043,87.63277818659398,71.32816135003944,175575,13296,6509,98,3.707247614979354,171788,11518,97.8430869998576,3787,1778,2.1569130001423895,175575
G3,230831,Karst_Fwd,NNNNNNNNYRNNNYRNNN,MB2_KR_DS-138,AGCACGTTTA,HEK293T,None,Total,1,Human,DB,RNA,1000,GEX,TSO,Two,SI-TT-A5,GTAGCCCT,GTAGCCCTAGCACGTTTA,43582,261572,15043,46102,366299,87.41410705461931,71.40942235714539,207025,14323,8039,94,3.883105905083927,202325,12201,97.72974278468783,4700,2122,2.27025721531216,207025
C5,230831,Karst_rev,NNNNNNNNRYNNNRYNNN,MB2_KF_DS-58,AGTGACAGCG,HEK293,DMSO,Total,2,Human,SM,RNA,NA,GEX,TSO,Two,SI-TT-A5,GTAGCCCT,GTAGCCCTAGTGACAGCG,36618,153878,9884,37896,238276,84.09575450318118,64.57973106817305,123573,12889,7401,87,5.989172392027385,119863,11049,96.9977260404781,3710,1840,3.002273959521902,123573
E21,230831,Karst_Fwd,NNNNNNNNYRNNNYRNNN,MB2_KF_DS-109,AGTTCCGTGA,HEK293,DMSO,Nascent,2,Human,SM,RNA,NA,GEX,TSO,Two,SI-TT-A5,GTAGCCCT,GTAGCCCTAGTTCCGTGA,15267,59487,3528,17074,95356,82.09446704979236,62.38411846134485,50835,10120,2478,71,4.874594275597522,47701,8489,93.83495623094325,3134,1631,6.165043769056752,50835
O11,230831,Karst_Fwd,NNNNNNNNYRNNNYRNNN,MB2_KR_DS-348,ATAGAACCGC,HEK293T,None,Total,1,Human,DB,RNA,1000,GEX,TSO,Two,SI-TT-A5,GTAGCCCT,GTAGCCCTATAGAACCGC,23022,98243,5771,25517,152553,83.27335417854778,64.39925796280636,82682,11863,4039,87,4.88498101158656,78963,9973,95.50204397571417,3719,1890,4.497956024285818,82682
E9,230831,Karst_Fwd,NNNNNNNNYRNNNYRNNN,MB2_KF_DS-88,ATCGCGTTGT,HEK293,NTASO,Total,1,Human,SM,RNA,NA,GEX,TSO,Two,SI-TT-A5,GTAGCCCT,GTAGCCCTATCGCGTTGT,11214,46501,2771,12257,72743,83.15026875438187,63.92505120767634,40207,8966,2008,64,4.994155246598851,38007,7703,94.52831596488174,2200,1263,5.471684035118263,40207
G17,230831,Karst_rev,NNNNNNNNRYNNNRYNNN,MB2_KF_DS-154,ATGCAGTAGA,HEK293,NTASO,Nascent,1,Human,SM,RNA,NA,GEX,TSO,Two,SI-TT-A5,GTAGCCCT,GTAGCCCTATGCAGTAGA,95877,363911,22463,150430,632681,76.22340484383125,57.518876021249255,279757,17419,15101,107,5.397898890823107,273740,14844,97.84920484563389,6017,2575,2.1507951543661106,279757
K13,230831,Karst_rev,NNNNNNNNRYNNNRYNNN,MB2_KF_DS-262,ATGTCGCGTG,NIH3T3,None,Total,1,Mouse,DB,RNA,1000,GEX,TSO,Two,SI-TT-A5,GTAGCCCT,GTAGCCCTATGTCGCGTG,6113,24769,1551,6664,39097,82.9552139550349,63.35268690692381,21381,6598,1114,52,5.210233384780881,20292,5830,94.90669285814508,1089,768,5.093307141854917,21381
O9,230831,Karst_rev,NNNNNNNNRYNNNRYNNN,MB2_KF_DS-346,CAATCACTGA,HEK293,PladB,Total,5,Human,SM,RNA,NA,GEX,TSO,Two,SI-TT-A5,GTAGCCCT,GTAGCCCTCAATCACTGA,36880,148606,9293,39834,234613,83.02140120112696,63.34090608789794,119742,12617,6857,88,5.7264785956473085,115598,10615,96.53922600257219,4144,2002,3.460773997427803,119742
M1,230831,Karst_Fwd,NNNNNNNNYRNNNYRNNN,MB2_KF_DS-276,CAATTGTTCG,NTC,None,None,1,NTC,DB,None,0,GEX,TSO,Two,SI-TT-A5,GTAGCCCT,GTAGCCCTCAATTGTTCG,15949,60789,3748,17501,97987,82.13946748038005,62.03782134364763,52306,10146,2522,75,4.821626582036478,49338,8585,94.32569877260735,2968,1561,5.674301227392651,52306
M5,230831,Karst_Fwd,NNNNNNNNYRNNNYRNNN,MB2_KF_DS-280,CATGTACTTG,HEK293,PladB,Total,4,Human,SM,RNA,NA,GEX,TSO,Two,SI-TT-A5,GTAGCCCT,GTAGCCCTCATGTACTTG,35089,139578,8505,35535,218707,83.75223472499738,63.81963083028892,112750,12275,6659,93,5.905986696230599,109112,10468,96.77339246119733,3638,1807,3.2266075388026607,112750
E5,230831,Karst_Fwd,NNNNNNNNYRNNNYRNNN,MB2_KF_DS-85,CCAAGACGTG,HEK293,NTASO,Total,1,Human,SM,RNA,NA,GEX,TSO,Two,SI-TT-A5,GTAGCCCT,GTAGCCCTCCAAGACGTG,12338,46710,2857,13201,75106,82.42350810853993,62.192101829414426,40417,9011,2037,75,5.039958433332509,38181,7738,94.46767449340624,2236,1273,5.53232550659376,40417
A9,230831,Karst_Fwd,NNNNNNNNYRNNNYRNNN,MB2_KF_DS-27,CCGTATGTAG,HEK293,DMSO,Total,1,Human,SM,RNA,NA,GEX,TSO,Two,SI-TT-A5,GTAGCCCT,GTAGCCCTCCGTATGTAG,24492,101643,6474,26958,159567,83.10552933877305,63.69926112542067,83242,11639,4254,87,5.110400999495448,79899,9927,95.9839984623147,3343,1712,4.016001537685303,83242
M7,230831,Karst_rev,NNNNNNNNRYNNNRYNNN,MB2_KR_DS-288,CCTCTGAGCA,HEK293,PladB,Total,4,Human,SM,RNA,NA,GEX,TSO,Two,SI-TT-A5,GTAGCCCT,GTAGCCCTCCTCTGAGCA,39005,155440,9726,42186,246357,82.87607009340104,63.09542655577069,125884,13099,7140,90,5.671888405198437,121343,10998,96.39271074957898,4541,2101,3.6072892504210223,125884
O3,230831,Karst_Fwd,NNNNNNNNYRNNNYRNNN,MB2_KR_DS-322,CGTAAGTGTT,HEK293T,None,Total,1,Human,DB,RNA,1000,GEX,TSO,Two,SI-TT-A5,GTAGCCCT,GTAGCCCTCGTAAGTGTT,21792,93426,5721,23944,144883,83.47356142542603,64.48375585817521,77984,11535,3676,84,4.71378744357817,74269,9688,95.23620229790725,3715,1847,4.763797702092737,77984
A7,230831,Karst_rev,NNNNNNNNRYNNNRYNNN,MB2_KR_DS-25,CGTCAATAGT,HEK293,DMSO,Total,1,Human,SM,RNA,NA,GEX,TSO,Two,SI-TT-A5,GTAGCCCT,GTAGCCCTCGTCAATAGT,9170,34395,2093,10838,56496,80.81634097989237,60.8804163126593,28844,7279,1880,68,6.517819997226459,27650,6474,95.86049091665511,1194,805,4.1395090833448895,28844
I7,230831,Karst_rev,NNNNNNNNRYNNNRYNNN,MB2_KR_DS-194,CGTCACTCTA,HEK293,U12ASO,Total,5,Human,SM,RNA,NA,GEX,TSO,Two,SI-TT-A5,GTAGCCCT,GTAGCCCTCGTCACTCTA,26406,114147,7163,30343,178059,82.95901920150062,64.10627937930687,92568,12020,4726,90,5.105436003802611,88990,10230,96.1347333851871,3578,1790,3.865266614812894,92568
G19,230831,Karst_Fwd,NNNNNNNNYRNNNYRNNN,MB2_KR_DS-160,CGTTGAACTG,HEK293,NTASO,Nascent,1,Human,SM,RNA,NA,GEX,TSO,Two,SI-TT-A5,GTAGCCCT,GTAGCCCTCGTTGAACTG,98701,374182,23264,155864,652011,76.09488183481567,57.388909082822224,289595,17514,15285,112,5.278060739998964,283587,14970,97.92537854590032,6008,2544,2.074621454099691,289595
E15,230831,Karst_rev,NNNNNNNNRYNNNRYNNN,MB2_KR_DS-98,CTACATGTCG,NIH3T3,None,Total,1,Mouse,DB,RNA,1000,GEX,TSO,Two,SI-TT-A5,GTAGCCCT,GTAGCCCTCTACATGTCG,14482,58793,3537,15743,92555,82.99065420560748,63.522230025390314,49937,9991,2592,77,5.190540080501432,47087,8488,94.29280893926347,2850,1503,5.707191060736528,49937
I15,230831,Karst_rev,NNNNNNNNRYNNNRYNNN,MB2_KR_DS-216,CTAGCCTCGA,NIH3T3,None,Total,1,Mouse,DB,RNA,1000,GEX,TSO,Two,SI-TT-A5,GTAGCCCT,GTAGCCCTCTAGCCTCGA,19501,79398,4724,22235,125858,82.33326447265966,63.085381938374994,66391,12733,2539,74,3.8243135364733174,49735,8478,74.91226220421443,16656,4255,25.087737795785575,66391
K3,230831,Karst_Fwd,NNNNNNNNYRNNNYRNNN,MB2_KR_DS-243,CTGAAACGAG,HEK293T,None,Total,1,Human,DB,RNA,1000,GEX,TSO,Two,SI-TT-A5,GTAGCCCT,GTAGCCCTCTGAAACGAG,1174,4502,247,1262,7185,82.43562978427279,62.658315935977726,3835,2142,218,30,5.684485006518905,3615,1943,94.26336375488917,220,199,5.736636245110821,3835
O23,230831,Karst_Fwd,NNNNNNNNYRNNNYRNNN,MB2_KR_DS-380,CTGTCTTGTA,NTC,None,None,1,NTC,DB,None,0,GEX,TSO,Two,SI-TT-A5,GTAGCCCT,GTAGCCCTCTGTCTTGTA,10900,41683,2592,16003,71178,77.51692938829413,58.56163421281857,35741,8569,1745,62,4.882348003693238,33556,7319,93.88657284351305,2185,1250,6.113427156486948,35741
M15,230831,Karst_rev,NNNNNNNNRYNNNRYNNN,MB2_KR_DS-293,CTTTCGTGAC,NIH3T3,None,Total,1,Mouse,DB,RNA,1000,GEX,TSO,Two,SI-TT-A5,GTAGCCCT,GTAGCCCTCTTTCGTGAC,22438,91920,5535,24227,144120,83.18970302525673,63.78018318068276,77129,13242,3329,84,4.31614567801994,63389,9366,82.18568891078583,13740,3876,17.814311089214176,77129
I17,230831,Karst_Fwd,NNNNNNNNYRNNNYRNNN,MB2_KF_DS-217,GAAAGCAGTG,HEK293,U12ASO,Nascent,5,Human,SM,RNA,NA,GEX,TSO,Two,SI-TT-A5,GTAGCCCT,GTAGCCCTGAAAGCAGTG,135966,518886,33507,218486,906845,75.9070182886822,57.21881909256818,397864,18769,20609,117,5.17991072326222,390672,15927,98.19234713369393,7192,2842,1.8076528663060742,397864
E17,230831,Karst_Fwd,NNNNNNNNYRNNNYRNNN,MB2_KF_DS-107,GAAGTTCCGT,HEK293,DMSO,Nascent,2,Human,SM,RNA,NA,GEX,TSO,Two,SI-TT-A5,GTAGCCCT,GTAGCCCTGAAGTTCCGT,16352,62276,3809,17561,99998,82.43864877297545,62.2772455449109,53120,10223,2584,73,4.864457831325302,50049,8638,94.21875,3071,1585,5.78125,53120
K11,230831,Karst_Fwd,NNNNNNNNYRNNNYRNNN,MB2_KR_DS-261,GAATCCTACA,HEK293T,None,Total,1,Human,DB,RNA,1000,GEX,TSO,Two,SI-TT-A5,GTAGCCCT,GTAGCCCTGAATCCTACA,2010,7671,466,2324,12471,81.3647662577179,61.5107048352177,6540,3176,324,33,4.954128440366973,6129,2849,93.71559633027523,411,327,6.284403669724771,6540
C13,230831,Karst_rev,NNNNNNNNRYNNNRYNNN,MB2_KF_DS-70,GACCAGCTAT,NIH3T3,None,Total,1,Mouse,DB,RNA,1000,GEX,TSO,Two,SI-TT-A5,GTAGCCCT,GTAGCCCTGACCAGCTAT,43032,192301,10251,47148,292732,83.8938004727874,65.69182733694984,155381,17773,3034,84,1.9526196896660468,61975,9408,39.88582902671498,93406,8365,60.11417097328502,155381
C9,230831,Karst_rev,NNNNNNNNRYNNNRYNNN,MB2_KF_DS-65,GAGCATATTC,HEK293,DMSO,Total,2,Human,SM,RNA,NA,GEX,TSO,Two,SI-TT-A5,GTAGCCCT,GTAGCCCTGAGCATATTC,33733,148662,9455,38174,230024,83.40434041665218,64.62890828783084,119395,12893,6382,93,5.345282465764898,115411,10956,96.66317684995184,3984,1937,3.336823150048159,119395
M23,230831,Karst_rev,NNNNNNNNRYNNNRYNNN,MB2_KR_DS-313,GAGCCTCCAT,NTC,None,None,1,NTC,DB,None,0,GEX,TSO,Two,SI-TT-A5,GTAGCCCT,GTAGCCCTGAGCCTCCAT,19074,74330,4511,21950,119865,81.68773203186919,62.01142952488215,63906,11251,3024,78,4.731950051638344,59619,9243,93.29170969861985,4287,2008,6.708290301380152,63906
E7,230831,Karst_rev,NNNNNNNNRYNNNRYNNN,MB2_KR_DS-87,GAGCCTTTGA,HEK293,NTASO,Total,1,Human,SM,RNA,NA,GEX,TSO,Two,SI-TT-A5,GTAGCCCT,GTAGCCCTGAGCCTTTGA,14449,55200,3396,16291,89336,81.76435031790096,61.789200322378434,47129,9843,2336,73,4.9566084576375475,44317,8312,94.0333976956863,2812,1531,5.966602304313692,47129
E11,230831,Karst_rev,NNNNNNNNRYNNNRYNNN,MB2_KR_DS-94,GATGACACGA,HEK293T,None,Total,1,Human,DB,RNA,1000,GEX,TSO,Two,SI-TT-A5,GTAGCCCT,GTAGCCCTGATGACACGA,14721,55483,3329,16357,89890,81.80331516297697,61.72321726554678,47268,9867,2360,80,4.992806973004993,44281,8275,93.68071422526867,2987,1592,6.319285774731319,47268
O5,230831,Karst_rev,NNNNNNNNRYNNNRYNNN,MB2_KF_DS-332,GCACATCAAG,HEK293,PladB,Total,5,Human,SM,RNA,NA,GEX,TSO,Two,SI-TT-A5,GTAGCCCT,GTAGCCCTGCACATCAAG,35989,140274,8932,37360,222555,83.21313832535778,63.02891420098403,114225,12327,6898,88,6.0389581965419135,110291,10474,96.55592033267673,3934,1853,3.4440796673232654,114225
M9,230831,Karst_Fwd,NNNNNNNNYRNNNYRNNN,MB2_KF_DS-290,GCCAACAGAA,HEK293,PladB,Total,4,Human,SM,RNA,NA,GEX,TSO,Two,SI-TT-A5,GTAGCCCT,GTAGCCCTGCCAACAGAA,34462,140153,8870,36071,219556,83.57093406693508,63.83473920093279,115358,12547,6633,92,5.7499263163369685,110857,10521,96.09823332582049,4501,2026,3.9017666741795103,115358
O19,230831,Karst_Fwd,NNNNNNNNYRNNNYRNNN,MB2_KR_DS-377,GCTACCTAGC,HEK293,None,No_4sU,1,Human,SM,RNA,NA,GEX,TSO,Two,SI-TT-A5,GTAGCCCT,GTAGCCCTGCTACCTAGC,1151011,5478838,350311,981857,7962017,87.66823783470947,68.81218666074187,4121276,28423,263858,141,6.402337528474191,4081508,22420,99.03505613310053,39768,6003,0.9649438668994749,4121276
K21,230831,Karst_rev,NNNNNNNNRYNNNRYNNN,MB2_KF_DS-272,GCTTCGCTTT,HEK293,PladB,Nascent,4,Human,SM,RNA,NA,GEX,TSO,Two,SI-TT-A5,GTAGCCCT,GTAGCCCTGCTTCGCTTT,12074,48335,2876,13195,76480,82.74712343096235,63.19952928870293,42039,9229,1906,71,4.53388520183639,39698,7868,94.43136135493232,2341,1361,5.568638645067675,42039
A15,230831,Karst_rev,NNNNNNNNRYNNNRYNNN,MB2_KR_DS-36,GGAAACTCCA,NIH3T3,None,Total,2,Mouse,DB,RNA,1000,GEX,TSO,Two,SI-TT-A5,GTAGCCCT,GTAGCCCTGGAAACTCCA,42304,187545,9884,45743,285476,83.97658647311857,65.69554008042708,151376,17611,2974,85,1.964644329352077,61387,9352,40.552663566219216,89989,8259,59.447336433780784,151376
I19,230831,Karst_rev,NNNNNNNNRYNNNRYNNN,MB2_KR_DS-224,GGACCGTTAA,HEK293,U12ASO,Nascent,5,Human,SM,RNA,NA,GEX,TSO,Two,SI-TT-A5,GTAGCCCT,GTAGCCCTGGACCGTTAA,146644,546030,34118,236662,963454,75.43608724443513,56.67421589406448,418216,18806,25507,114,6.099001472923083,411540,16114,98.40369569791687,6676,2692,1.596304302083134,418216
C7,230831,Karst_Fwd,NNNNNNNNYRNNNYRNNN,MB2_KR_DS-59,GGACGAATTA,HEK293,DMSO,Total,2,Human,SM,RNA,NA,GEX,TSO,Two,SI-TT-A5,GTAGCCCT,GTAGCCCTGGACGAATTA,34511,150480,9554,38280,232825,83.55846665950821,64.63223451089874,120808,12882,6489,96,5.371333024303027,116629,10920,96.54079200052976,4179,1962,3.459207999470234,120808
C11,230831,Karst_Fwd,NNNNNNNNYRNNNYRNNN,MB2_KR_DS-69,GGAGTGACTT,HEK293T,None,Total,1,Human,DB,RNA,1000,GEX,TSO,Two,SI-TT-A5,GTAGCCCT,GTAGCCCTGGAGTGACTT,52658,306971,17997,54549,432175,87.37802973332562,71.02932839706138,243636,15144,9257,104,3.799520596299397,237848,12747,97.62432481242509,5788,2397,2.3756751875749065,243636
I11,230831,Karst_rev,NNNNNNNNRYNNNRYNNN,MB2_KR_DS-197,GGCCAATCAA,HEK293T,None,Total,1,Human,DB,RNA,1000,GEX,TSO,Two,SI-TT-A5,GTAGCCCT,GTAGCCCTGGCCAATCAA,13830,63545,3719,15504,96598,83.94997826041947,65.78293546450237,53463,9616,2565,74,4.79771056618596,51096,8263,95.57263902137927,2367,1353,4.427360978620729,53463
O17,230831,Karst_rev,NNNNNNNNRYNNNRYNNN,MB2_KF_DS-365,GTCACCTGAC,HEK293,None,No_4sU,1,Human,SM,RNA,NA,GEX,TSO,Two,SI-TT-A5,GTAGCCCT,GTAGCCCTGTCACCTGAC,1021259,4868064,310826,878645,7078794,87.58764557917634,68.76968025909498,3663459,27553,200923,137,5.48451613625265,3627961,21837,99.03102505036905,35498,5716,0.9689749496309362,3663459
O7,230831,Karst_Fwd,NNNNNNNNYRNNNYRNNN,MB2_KR_DS-333,GTCAGTTCTT,HEK293,PladB,Total,5,Human,SM,RNA,NA,GEX,TSO,Two,SI-TT-A5,GTAGCCCT,GTAGCCCTGTCAGTTCTT,40237,160956,9927,41782,252902,83.47897604605737,63.64362480328348,130539,13074,8055,92,6.170569714797876,126003,10973,96.52517638406913,4536,2101,3.4748236159308714,130539
K19,230831,Karst_Fwd,NNNNNNNNYRNNNYRNNN,MB2_KR_DS-271,GTTAAACGTC,HEK293,PladB,Nascent,4,Human,SM,RNA,NA,GEX,TSO,Two,SI-TT-A5,GTAGCCCT,GTAGCCCTGTTAAACGTC,16910,64581,3799,18442,103732,82.22149384953534,62.25754829753596,55567,10439,2836,72,5.103748627782677,52284,8780,94.09181708568035,3283,1659,5.90818291431965,55567
I3,230831,Karst_rev,NNNNNNNNRYNNNRYNNN,MB2_KR_DS-189,GTTCGTACTC,HEK293T,None,Total,1,Human,DB,RNA,1000,GEX,TSO,Two,SI-TT-A5,GTAGCCCT,GTAGCCCTGTTCGTACTC,19335,88789,5235,21891,135250,83.81441774491682,65.64805914972274,73326,11205,3429,91,4.676376728581949,70147,9541,95.66456645664566,3179,1664,4.335433543354336,73326
A5,230831,Karst_Fwd,NNNNNNNNYRNNNYRNNN,MB2_KF_DS-24,GTTCTGTCGT,HEK293,DMSO,Total,1,Human,SM,RNA,NA,GEX,TSO,Two,SI-TT-A5,GTAGCCCT,GTAGCCCTGTTCTGTCGT,17802,69027,4305,19984,111118,82.01551503806763,62.120448532191006,56690,10064,3284,78,5.792908802257894,54291,8715,95.76821308872817,2399,1349,4.231786911271829,56690
I13,230831,Karst_Fwd,NNNNNNNNYRNNNYRNNN,MB2_KF_DS-207,GTTTGCGTTC,NIH3T3,None,Total,1,Mouse,DB,RNA,1000,GEX,TSO,Two,SI-TT-A5,GTAGCCCT,GTAGCCCTGTTTGCGTTC,18474,74560,4282,20442,117758,82.64066984833302,63.31629273595,62497,12597,2455,78,3.9281885530505463,48399,8592,77.44211722162663,14098,4005,22.55788277837336,62497
G15,230831,Karst_Fwd,NNNNNNNNYRNNNYRNNN,MB2_KR_DS-152,TAACCAGATC,NIH3T3,None,Total,1,Mouse,DB,RNA,1000,GEX,TSO,Two,SI-TT-A5,GTAGCCCT,GTAGCCCTTAACCAGATC,46109,202046,10732,49725,308612,83.88753515741449,65.46926237476184,163332,18116,3525,90,2.15818088310925,70439,9704,43.12627041853403,92893,8412,56.87372958146597,163332
O1,230831,Karst_rev,NNNNNNNNRYNNNRYNNN,MB2_KF_DS-314,TAATGCGAAA,NTC,None,None,1,NTC,DB,None,0,GEX,TSO,Two,SI-TT-A5,GTAGCCCT,GTAGCCCTTAATGCGAAA,10603,41154,2534,12385,66676,81.42510048593198,61.72235886975823,35582,8542,1724,68,4.845146422348378,33287,7268,93.55010960598055,2295,1274,6.449890394019447,35582
G21,230831,Karst_rev,NNNNNNNNRYNNNRYNNN,MB2_KF_DS-163,TACCCGAGCA,HEK293,NTASO,Nascent,1,Human,SM,RNA,NA,GEX,TSO,Two,SI-TT-A5,GTAGCCCT,GTAGCCCTTACCCGAGCA,107485,406128,24821,170874,709308,75.90975993503527,57.25693210847756,310729,17917,17632,110,5.674397948051196,304395,15264,97.96156779701927,6334,2653,2.0384322029807325,310729
E19,230831,Karst_rev,NNNNNNNNRYNNNRYNNN,MB2_KR_DS-108,TAGAGATCCG,HEK293,DMSO,Nascent,2,Human,SM,RNA,NA,GEX,TSO,Two,SI-TT-A5,GTAGCCCT,GTAGCCCTTAGAGATCCG,14139,55851,3294,15518,88802,82.52516835206414,62.89385374203283,48278,9792,2511,76,5.201126807241393,45534,8297,94.31625170885289,2744,1495,5.683748291147106,48278
M11,230831,Karst_rev,NNNNNNNNRYNNNRYNNN,MB2_KR_DS-291,TGACCACAAG,HEK293T,None,Total,1,Human,DB,RNA,1000,GEX,TSO,Two,SI-TT-A5,GTAGCCCT,GTAGCCCTTGACCACAAG,20790,89377,5328,23471,138966,83.11025718521077,64.31573190564599,74113,11247,3615,75,4.877686775599423,70688,9534,95.37867850444592,3425,1713,4.621321495554087,74113
E3,230831,Karst_rev,NNNNNNNNRYNNNRYNNN,MB2_KR_DS-84,TGAGCTTAGT,HEK293T,None,Total,1,Human,DB,RNA,1000,GEX,TSO,Two,SI-TT-A5,GTAGCCCT,GTAGCCCTTGAGCTTAGT,13708,52427,3255,14865,84255,82.35713014064447,62.22420034419323,44751,9473,2204,73,4.92502960827691,42245,8076,94.40012513686845,2506,1397,5.59987486313155,44751
G7,230831,Karst_Fwd,NNNNNNNNYRNNNYRNNN,MB2_KR_DS-140,TGCACAGAGA,HEK293,NTASO,Total,2,Human,SM,RNA,NA,GEX,TSO,Two,SI-TT-A5,GTAGCCCT,GTAGCCCTTGCACAGAGA,21551,87374,5574,24361,138860,82.45643093763502,62.922367852513325,70637,10668,4102,84,5.807154890496482,68199,9254,96.5485510426547,2438,1414,3.451448957345301,70637
I5,230831,Karst_Fwd,NNNNNNNNYRNNNYRNNN,MB2_KF_DS-192,TGCTTTGCGA,HEK293,U12ASO,Total,5,Human,SM,RNA,NA,GEX,TSO,Two,SI-TT-A5,GTAGCCCT,GTAGCCCTTGCTTTGCGA,30627,129561,8160,33657,202005,83.33853122447464,64.13752134848147,106343,12908,5611,88,5.27632284212407,101578,10759,95.51921612141842,4765,2149,4.480783878581571,106343
K9,230831,Karst_rev,NNNNNNNNRYNNNRYNNN,MB2_KF_DS-250,TGTAGTTGCG,HEK293,U12ASO,Total,6,Human,SM,RNA,NA,GEX,TSO,Two,SI-TT-A5,GTAGCCCT,GTAGCCCTTGTAGTTGCG,13752,54226,3376,14607,85961,83.00741033724596,63.082095368830046,46225,9564,2284,65,4.9410492157923205,43804,8171,94.76257436452137,2421,1393,5.237425635478637,46225
O13,230831,Karst_rev,NNNNNNNNRYNNNRYNNN,MB2_KF_DS-349,TTATGAGCTG,NIH3T3,None,Total,1,Mouse,DB,RNA,1000,GEX,TSO,Two,SI-TT-A5,GTAGCCCT,GTAGCCCTTTATGAGCTG,21459,85880,5033,23673,136045,82.59913999044434,63.1261714873755,72590,13032,3240,79,4.463424714147955,60167,9340,82.8860724617716,12423,3692,17.113927538228406,72590
C15,230831,Karst_Fwd,NNNNNNNNYRNNNYRNNN,MB2_KR_DS-74,TTCATGCGAT,NIH3T3,None,Total,1,Mouse,DB,RNA,1000,GEX,TSO,Two,SI-TT-A5,GTAGCCCT,GTAGCCCTTTCATGCGAT,33249,147549,8077,36312,225187,83.87473522006155,65.52287654260681,119953,16517,2539,71,2.116662359424108,50879,8673,42.415779513642846,69074,7844,57.584220486357154,119953
O21,230831,Karst_rev,NNNNNNNNRYNNNRYNNN,MB2_KF_DS-378,TTCGAGTTCG,HEK293,None,No_4sU,1,Human,SM,RNA,NA,GEX,TSO,Two,SI-TT-A5,GTAGCCCT,GTAGCCCTTTCGAGTTCG,15850,62750,3702,17163,99465,82.7446840597195,63.087518222490324,53465,10145,2689,71,5.029458524268213,50470,8595,94.39820443280651,2995,1550,5.601795567193491,53465
I9,230831,Karst_Fwd,NNNNNNNNYRNNNYRNNN,MB2_KF_DS-196,TTCTAGCAAG,HEK293,U12ASO,Total,5,Human,SM,RNA,NA,GEX,TSO,Two,SI-TT-A5,GTAGCCCT,GTAGCCCTTTCTAGCAAG,27745,117244,7279,30994,183262,83.08760135761915,63.9761652715784,94465,12028,5380,86,5.695231037950563,91138,10289,96.47806065738634,3327,1739,3.521939342613666,94465
K17,230831,Karst_rev,NNNNNNNNRYNNNRYNNN,MB2_KF_DS-270,TTGTCAGTGT,HEK293,PladB,Nascent,4,Human,SM,RNA,NA,GEX,TSO,Two,SI-TT-A5,GTAGCCCT,GTAGCCCTTTGTCAGTGT,17052,66318,4089,19054,106513,82.11110380892472,62.26282237848901,56512,10640,2724,77,4.820215175537939,53292,8995,94.30209513023783,3220,1645,5.697904869762175,56512
G5,230831,Karst_rev,NNNNNNNNRYNNNRYNNN,MB2_KF_DS-139,TTTCGACGTA,HEK293,NTASO,Total,2,Human,SM,RNA,NA,GEX,TSO,Two,SI-TT-A5,GTAGCCCT,GTAGCCCTTTTCGACGTA,27326,117726,7699,31612,184363,82.85339249198591,63.85554585247583,95030,12103,5061,89,5.325686625276228,91410,10285,96.19067662843312,3620,1818,3.8093233715668737,95030
C3,230831,Karst_Fwd,NNNNNNNNYRNNNYRNNN,MB2_KR_DS-54,TTTGTTGTGA,HEK293T,None,Total,1,Human,DB,RNA,1000,GEX,TSO,Two,SI-TT-A5,GTAGCCCT,GTAGCCCTTTTGTTGTGA,41781,248042,14488,43502,347813,87.49270441300354,71.31475821777794,196105,14073,7840,104,3.9978582902016777,191774,12114,97.7914892532062,4331,1959,2.2085107467938094,196105
K5,230831,Karst_rev,NNNNNNNNRYNNNRYNNN,MB2_KF_DS-246,AAAGACTTCG,HEK293,U12ASO,Total,6,Human,SM,RNA,NA,GEX,TSO,Three,SI-TT-A6,TAACGCGT,TAACGCGTAAAGACTTCG,12431,78693,5495,10070,106689,90.56135121708893,73.75924415825436,50019,7555,1354,66,2.706971350886663,48598,6639,97.15907954977109,1421,916,2.840920450228913,50019
G9,230831,Karst_rev,NNNNNNNNRYNNNRYNNN,MB2_KF_DS-143,AAAGTGTGTG,HEK293,NTASO,Total,2,Human,SM,RNA,NA,GEX,TSO,Three,SI-TT-A6,TAACGCGT,TAACGCGTAAAGTGTGTG,10196,59087,4142,7472,80897,90.76356354376553,73.03979133960469,38397,6813,850,54,2.2137146131208167,37231,6020,96.96330442482486,1166,793,3.036695575175144,38397
E13,230831,Karst_Fwd,NNNNNNNNYRNNNYRNNN,MB2_KF_DS-97,AACGAGCCTG,NIH3T3,None,Total,1,Mouse,DB,RNA,1000,GEX,TSO,Three,SI-TT-A6,TAACGCGT,TAACGCGTAACGAGCCTG,39335,205826,10426,23152,278739,91.69402200624957,73.8418377048063,139278,13033,316,44,0.22688436077485316,13514,4418,9.702896365542296,125764,8615,90.2971036344577,139278
M3,230831,Karst_rev,NNNNNNNNRYNNNRYNNN,MB2_KR_DS-279,AACGTCAGCC,HEK293T,None,Total,1,Human,DB,RNA,1000,GEX,TSO,Three,SI-TT-A6,TAACGCGT,TAACGCGTAACGTCAGCC,3402,25183,1505,2209,32299,93.16077897148519,77.9683581535032,16501,4047,268,38,1.6241439912732563,15997,3655,96.94563965820254,504,392,3.0543603417974667,16501
M13,230831,Karst_Fwd,NNNNNNNNYRNNNYRNNN,MB2_KF_DS-292,AAGATTTGCC,NIH3T3,None,Total,1,Mouse,DB,RNA,1000,GEX,TSO,Three,SI-TT-A6,TAACGCGT,TAACGCGTAAGATTTGCC,3840,20429,1027,2342,27638,91.52615963528476,73.91634705839786,13652,4086,27,12,0.1977732200410196,1405,892,10.291532376208615,12247,3194,89.70846762379139,13652
I21,230831,Karst_Fwd,NNNNNNNNYRNNNYRNNN,MB2_KF_DS-227,ACAAAGAGAG,HEK293,U12ASO,Nascent,5,Human,SM,RNA,NA,GEX,TSO,Three,SI-TT-A6,TAACGCGT,TAACGCGTACAAAGAGAG,87636,389433,27757,132161,636987,79.25216684170948,61.1367264952032,254522,17940,8032,106,3.1557193484256763,245223,14346,96.34648478324074,9299,3594,3.6535152167592586,254522
A3,230831,Karst_rev,NNNNNNNNRYNNNRYNNN,MB2_KR_DS-21,ACAGTAGCTC,HEK293T,None,Total,1,Human,DB,RNA,1000,GEX,TSO,Three,SI-TT-A6,TAACGCGT,TAACGCGTACAGTAGCTC,49451,334190,21998,30837,436476,92.93500673576554,76.56549271895821,216810,14120,4621,89,2.131359254646926,210611,11513,97.14081453807482,6199,2607,2.859185461925188,216810
K15,230831,Karst_Fwd,NNNNNNNNYRNNNYRNNN,MB2_KR_DS-264,ACATCCATGT,NIH3T3,None,Total,1,Mouse,DB,RNA,1000,GEX,TSO,Three,SI-TT-A6,TAACGCGT,TAACGCGTACATCCATGT,4576,24388,1166,2745,32875,91.65019011406844,74.18403041825094,16088,4474,35,15,0.21755345599204376,1597,1022,9.92665340626554,14491,3452,90.07334659373446,16088
G13,230831,Karst_rev,NNNNNNNNRYNNNRYNNN,MB2_KF_DS-150,ACCGACGTAA,NIH3T3,None,Total,1,Mouse,DB,RNA,1000,GEX,TSO,Three,SI-TT-A6,TAACGCGT,TAACGCGTACCGACGTAA,36202,191667,9857,21248,258974,91.79531535984307,74.01013229127248,126155,12519,298,39,0.236217351670564,11981,4211,9.497047283104118,114174,8308,90.50295271689588,126155
O15,230831,Karst_Fwd,NNNNNNNNYRNNNYRNNN,MB2_KR_DS-357,ACGCCTATCG,NIH3T3,None,Total,1,Mouse,DB,RNA,1000,GEX,TSO,Three,SI-TT-A6,TAACGCGT,TAACGCGTACGCCTATCG,3650,19037,959,2291,25937,91.1670586420943,73.39707753402476,12630,3897,37,12,0.2929532858273951,1322,831,10.467141726049089,11308,3066,89.53285827395091,12630
K7,230831,Karst_Fwd,NNNNNNNNYRNNNYRNNN,MB2_KR_DS-247,ACGTTTGATG,HEK293,U12ASO,Total,6,Human,SM,RNA,NA,GEX,TSO,Three,SI-TT-A6,TAACGCGT,TAACGCGTACGTTTGATG,12944,75416,5226,9458,103044,90.82139668491129,73.18815263382633,48519,7703,1447,66,2.9823368165048745,47107,6783,97.08979987221501,1412,920,2.9102001277849916,48519
G11,230831,Karst_Fwd,NNNNNNNNYRNNNYRNNN,MB2_KR_DS-146,AGAGTGCAAA,HEK293T,None,Total,1,Human,DB,RNA,1000,GEX,TSO,Three,SI-TT-A6,TAACGCGT,TAACGCGTAGAGTGCAAA,37277,277984,17212,22800,355273,93.58240001351074,78.24518046685225,181913,12583,2678,83,1.4721322830144081,177039,10295,97.3206972563808,4874,2288,2.679302743619203,181913
G3,230831,Karst_Fwd,NNNNNNNNYRNNNYRNNN,MB2_KR_DS-138,AGCACGTTTA,HEK293T,None,Total,1,Human,DB,RNA,1000,GEX,TSO,Three,SI-TT-A6,TAACGCGT,TAACGCGTAGCACGTTTA,41854,299820,18236,25064,384974,93.48943045504372,77.88058414334475,193666,13276,2947,85,1.5216919851703448,188254,10846,97.205498125639,5412,2430,2.7945018743610133,193666
C5,230831,Karst_rev,NNNNNNNNRYNNNRYNNN,MB2_KF_DS-58,AGTGACAGCG,HEK293,DMSO,Total,2,Human,SM,RNA,NA,GEX,TSO,Three,SI-TT-A6,TAACGCGT,TAACGCGTAGTGACAGCG,17369,100132,7292,12558,137351,90.85700140515904,72.9022722805076,62267,8987,1860,78,2.9871360431689338,60394,7817,96.99198612427128,1873,1170,3.0080138757287167,62267
E21,230831,Karst_Fwd,NNNNNNNNYRNNNYRNNN,MB2_KF_DS-109,AGTTCCGTGA,HEK293,DMSO,Nascent,2,Human,SM,RNA,NA,GEX,TSO,Three,SI-TT-A6,TAACGCGT,TAACGCGTAGTTCCGTGA,124221,423752,28233,142587,718793,80.16299546601039,58.953273056359755,265673,18717,9750,109,3.6699250582482974,255812,14932,96.28829425647318,9861,3785,3.7117057435268173,265673
O11,230831,Karst_Fwd,NNNNNNNNYRNNNYRNNN,MB2_KR_DS-348,ATAGAACCGC,HEK293T,None,Total,1,Human,DB,RNA,1000,GEX,TSO,Three,SI-TT-A6,TAACGCGT,TAACGCGTATAGAACCGC,4243,31912,1848,2844,40847,93.03743236957426,78.1256885450584,20493,4381,323,40,1.576147952959547,19912,3945,97.16488557068267,581,436,2.835114429317328,20493
E9,230831,Karst_Fwd,NNNNNNNNYRNNNYRNNN,MB2_KF_DS-88,ATCGCGTTGT,HEK293,NTASO,Total,1,Human,SM,RNA,NA,GEX,TSO,Three,SI-TT-A6,TAACGCGT,TAACGCGTATCGCGTTGT,11934,68726,4715,8557,93932,90.89021845590428,73.16569433207,45014,7556,1214,64,2.6969387301728354,43739,6702,97.16754787399475,1275,854,2.832452126005243,45014
G17,230831,Karst_rev,NNNNNNNNRYNNNRYNNN,MB2_KF_DS-154,ATGCAGTAGA,HEK293,NTASO,Nascent,1,Human,SM,RNA,NA,GEX,TSO,Three,SI-TT-A6,TAACGCGT,TAACGCGTATGCAGTAGA,89235,346436,23420,120516,579607,79.20729045715458,59.770844727548145,214338,17437,7278,99,3.3955714805587434,205951,14109,96.0870214334369,8387,3328,3.912978566563092,214338
K13,230831,Karst_rev,NNNNNNNNRYNNNRYNNN,MB2_KF_DS-262,ATGTCGCGTG,NIH3T3,None,Total,1,Mouse,DB,RNA,1000,GEX,TSO,Three,SI-TT-A6,TAACGCGT,TAACGCGTATGTCGCGTG,3803,19302,1090,2191,26386,91.69635412718866,73.15242931857804,13389,4082,28,16,0.20912689521248787,1275,844,9.522742549854359,12114,3238,90.47725745014564,13389
O9,230831,Karst_rev,NNNNNNNNRYNNNRYNNN,MB2_KF_DS-346,CAATCACTGA,HEK293,PladB,Total,5,Human,SM,RNA,NA,GEX,TSO,Three,SI-TT-A6,TAACGCGT,TAACGCGTCAATCACTGA,21068,111999,7637,14354,155058,90.74281881618491,72.23039120845102,69827,8265,1926,63,2.7582453778624316,67691,7024,96.94101135663855,2136,1241,3.0589886433614506,69827
M1,230831,Karst_Fwd,NNNNNNNNYRNNNYRNNN,MB2_KF_DS-276,CAATTGTTCG,NTC,None,None,1,NTC,DB,None,0,GEX,TSO,Three,SI-TT-A6,TAACGCGT,TAACGCGTCAATTGTTCG,45,117,5,92,259,64.47876447876448,45.173745173745175,101,96,1,1,0.9900990099009901,72,68,71.28712871287128,29,28,28.71287128712871,101
M5,230831,Karst_Fwd,NNNNNNNNYRNNNYRNNN,MB2_KF_DS-280,CATGTACTTG,HEK293,PladB,Total,4,Human,SM,RNA,NA,GEX,TSO,Three,SI-TT-A6,TAACGCGT,TAACGCGTCATGTACTTG,21206,111494,7714,13311,153725,91.34103106196129,72.52821597007643,70414,8286,1963,71,2.7877978811031894,68383,7074,97.11563041440623,2031,1212,2.884369585593774,70414
E5,230831,Karst_Fwd,NNNNNNNNYRNNNYRNNN,MB2_KF_DS-85,CCAAGACGTG,HEK293,NTASO,Total,1,Human,SM,RNA,NA,GEX,TSO,Three,SI-TT-A6,TAACGCGT,TAACGCGTCCAAGACGTG,12958,75050,5380,9660,103048,90.62572781616333,72.83013741169164,48365,7754,1386,58,2.865708673627623,46916,6828,97.00403184120748,1449,926,2.995968158792515,48365
A9,230831,Karst_Fwd,NNNNNNNNYRNNNYRNNN,MB2_KF_DS-27,CCGTATGTAG,HEK293,DMSO,Total,1,Human,SM,RNA,NA,GEX,TSO,Three,SI-TT-A6,TAACGCGT,TAACGCGTCCGTATGTAG,15848,71240,5195,9655,101938,90.52855657360357,69.88561674743472,45529,8005,1546,63,3.395637945046014,43979,7033,96.5955764457818,1550,972,3.4044235542181904,45529
M7,230831,Karst_rev,NNNNNNNNRYNNNRYNNN,MB2_KR_DS-288,CCTCTGAGCA,HEK293,PladB,Total,4,Human,SM,RNA,NA,GEX,TSO,Three,SI-TT-A6,TAACGCGT,TAACGCGTCCTCTGAGCA,20174,108948,7401,13362,149885,91.0851652933916,72.68772725756413,68014,8109,1873,64,2.753844796659511,65981,6908,97.01090951862852,2033,1201,2.9890904813714823,68014
O3,230831,Karst_Fwd,NNNNNNNNYRNNNYRNNN,MB2_KR_DS-322,CGTAAGTGTT,HEK293T,None,Total,1,Human,DB,RNA,1000,GEX,TSO,Three,SI-TT-A6,TAACGCGT,TAACGCGTCGTAAGTGTT,6392,38582,2879,3738,51591,92.75455021224631,74.78436161345971,25347,5145,686,50,2.7064346865506765,24487,4570,96.607093541642,860,575,3.3929064583579907,25347
A7,230831,Karst_rev,NNNNNNNNRYNNNRYNNN,MB2_KR_DS-25,CGTCAATAGT,HEK293,DMSO,Total,1,Human,SM,RNA,NA,GEX,TSO,Three,SI-TT-A6,TAACGCGT,TAACGCGTCGTCAATAGT,6999,25421,2116,4998,39534,87.35771740780088,64.30161380077908,17455,4337,914,45,5.2363219707820114,16816,3932,96.3391578344314,639,405,3.6608421655686048,17455
I7,230831,Karst_rev,NNNNNNNNRYNNNRYNNN,MB2_KR_DS-194,CGTCACTCTA,HEK293,U12ASO,Total,5,Human,SM,RNA,NA,GEX,TSO,Three,SI-TT-A6,TAACGCGT,TAACGCGTCGTCACTCTA,10857,66720,4821,8374,90772,90.77468822985061,73.50284228616754,42971,7162,1051,60,2.445835563519583,41681,6298,96.9979753787438,1290,864,3.0020246212561963,42971
G19,230831,Karst_Fwd,NNNNNNNNYRNNNYRNNN,MB2_KR_DS-160,CGTTGAACTG,HEK293,NTASO,Nascent,1,Human,SM,RNA,NA,GEX,TSO,Three,SI-TT-A6,TAACGCGT,TAACGCGTCGTTGAACTG,78812,330439,22772,110757,542780,79.59449500718523,60.87899333063119,201776,16988,5817,95,2.8828998493378797,194577,13832,96.4321822218698,7199,3156,3.5678177781302036,201776
E15,230831,Karst_rev,NNNNNNNNRYNNNRYNNN,MB2_KR_DS-98,CTACATGTCG,NIH3T3,None,Total,1,Mouse,DB,RNA,1000,GEX,TSO,Three,SI-TT-A6,TAACGCGT,TAACGCGTCTACATGTCG,44286,232038,11924,25601,313849,91.84289260121906,73.9330059997005,152479,13672,347,50,0.22757232143442704,15083,4652,9.891853960217473,137396,9020,90.10814603978254,152479
I15,230831,Karst_rev,NNNNNNNNRYNNNRYNNN,MB2_KR_DS-216,CTAGCCTCGA,NIH3T3,None,Total,1,Mouse,DB,RNA,1000,GEX,TSO,Three,SI-TT-A6,TAACGCGT,TAACGCGTCTAGCCTCGA,3973,20855,1047,2389,28264,91.54755165581659,73.78644211718085,13889,4093,24,12,0.1727986176110591,1252,836,9.014327885376918,12637,3257,90.98567211462309,13889
K3,230831,Karst_Fwd,NNNNNNNNYRNNNYRNNN,MB2_KR_DS-243,CTGAAACGAG,HEK293T,None,Total,1,Human,DB,RNA,1000,GEX,TSO,Three,SI-TT-A6,TAACGCGT,TAACGCGTCTGAAACGAG,4815,34157,2060,3149,44181,92.8725017541477,77.31151399923044,22140,4624,373,47,1.6847335140018067,21499,4130,97.10478771454382,641,494,2.895212285456188,22140
O23,230831,Karst_Fwd,NNNNNNNNYRNNNYRNNN,MB2_KR_DS-380,CTGTCTTGTA,NTC,None,None,1,NTC,DB,None,0,GEX,TSO,Three,SI-TT-A6,TAACGCGT,TAACGCGTCTGTCTTGTA,97,146,6,125,374,66.57754010695187,39.037433155080215,124,117,3,3,2.4193548387096775,95,89,76.61290322580645,29,28,23.387096774193548,124
M15,230831,Karst_rev,NNNNNNNNRYNNNRYNNN,MB2_KR_DS-293,CTTTCGTGAC,NIH3T3,None,Total,1,Mouse,DB,RNA,1000,GEX,TSO,Three,SI-TT-A6,TAACGCGT,TAACGCGTCTTTCGTGAC,4648,22647,1227,2509,31031,91.9145370758274,72.98185685282459,14651,4198,40,14,0.2730189065592792,1504,984,10.265510886628899,13147,3214,89.7344891133711,14651
I17,230831,Karst_Fwd,NNNNNNNNYRNNNYRNNN,MB2_KF_DS-217,GAAAGCAGTG,HEK293,U12ASO,Nascent,5,Human,SM,RNA,NA,GEX,TSO,Three,SI-TT-A6,TAACGCGT,TAACGCGTGAAAGCAGTG,118405,523150,37443,178188,857186,79.21244630686923,61.03109476823,321946,19192,9374,104,2.9116684164425086,309588,15028,96.16146807228542,12358,4164,3.8385319277145857,321946
E17,230831,Karst_Fwd,NNNNNNNNYRNNNYRNNN,MB2_KF_DS-107,GAAGTTCCGT,HEK293,DMSO,Nascent,2,Human,SM,RNA,NA,GEX,TSO,Three,SI-TT-A6,TAACGCGT,TAACGCGTGAAGTTCCGT,123318,439385,29121,146153,737977,80.19545324583287,59.53911842781008,266787,18676,10060,109,3.7707984272097215,256668,14927,96.20708655219332,10119,3749,3.792913447806677,266787
K11,230831,Karst_Fwd,NNNNNNNNYRNNNYRNNN,MB2_KR_DS-261,GAATCCTACA,HEK293T,None,Total,1,Human,DB,RNA,1000,GEX,TSO,Three,SI-TT-A6,TAACGCGT,TAACGCGTGAATCCTACA,4945,36749,2305,3315,47314,92.99361711121443,77.67045694720379,23633,4672,372,42,1.5740701561376043,22961,4166,97.1565184276224,672,506,2.8434815723776077,23633
C13,230831,Karst_rev,NNNNNNNNRYNNNRYNNN,MB2_KF_DS-70,GACCAGCTAT,NIH3T3,None,Total,1,Mouse,DB,RNA,1000,GEX,TSO,Three,SI-TT-A6,TAACGCGT,TAACGCGTGACCAGCTAT,37056,199524,10160,22478,269218,91.65063257285917,74.11242933236262,134990,12960,306,40,0.22668345803392845,12811,4259,9.490332617230907,122179,8701,90.5096673827691,134990
C9,230831,Karst_rev,NNNNNNNNRYNNNRYNNN,MB2_KF_DS-65,GAGCATATTC,HEK293,DMSO,Total,2,Human,SM,RNA,NA,GEX,TSO,Three,SI-TT-A6,TAACGCGT,TAACGCGTGAGCATATTC,18149,109986,7616,13313,149064,91.06893683250148,73.7844147480277,68489,9173,1818,67,2.6544408591160624,66415,7878,96.97177648965527,2074,1295,3.028223510344727,68489
M23,230831,Karst_rev,NNNNNNNNRYNNNRYNNN,MB2_KR_DS-313,GAGCCTCCAT,NTC,None,None,1,NTC,DB,None,0,GEX,TSO,Three,SI-TT-A6,TAACGCGT,TAACGCGTGAGCCTCCAT,176,303,22,441,942,53.18471337579618,32.1656050955414,255,243,6,5,2.3529411764705883,190,179,74.50980392156863,65,64,25.49019607843137,255
E7,230831,Karst_rev,NNNNNNNNRYNNNRYNNN,MB2_KR_DS-87,GAGCCTTTGA,HEK293,NTASO,Total,1,Human,SM,RNA,NA,GEX,TSO,Three,SI-TT-A6,TAACGCGT,TAACGCGTGAGCCTTTGA,15530,91023,6411,11753,124717,90.57626466319748,72.98363494952572,56876,8553,1551,62,2.7269850200436037,54877,7329,96.48533652155567,1999,1224,3.5146634784443354,56876
E11,230831,Karst_rev,NNNNNNNNRYNNNRYNNN,MB2_KR_DS-94,GATGACACGA,HEK293T,None,Total,1,Human,DB,RNA,1000,GEX,TSO,Three,SI-TT-A6,TAACGCGT,TAACGCGTGATGACACGA,51424,378758,23055,32266,485503,93.35410903743129,78.01352411828557,239494,14167,4021,92,1.6789564665503103,232929,11376,97.25880397838776,6565,2791,2.7411960216122324,239494
O5,230831,Karst_rev,NNNNNNNNRYNNNRYNNN,MB2_KF_DS-332,GCACATCAAG,HEK293,PladB,Total,5,Human,SM,RNA,NA,GEX,TSO,Three,SI-TT-A6,TAACGCGT,TAACGCGTGCACATCAAG,22541,105682,7436,13806,149465,90.763054895795,70.70685444752952,67720,8339,2593,64,3.829001772002363,65663,7144,96.96249261665683,2057,1195,3.037507383343178,67720
M9,230831,Karst_Fwd,NNNNNNNNYRNNNYRNNN,MB2_KF_DS-290,GCCAACAGAA,HEK293,PladB,Total,4,Human,SM,RNA,NA,GEX,TSO,Three,SI-TT-A6,TAACGCGT,TAACGCGTGCCAACAGAA,15637,86108,5997,10648,118390,91.00599712813582,72.73249429850495,56938,7350,1526,62,2.6801081878534543,55375,6348,97.25490884822086,1563,1002,2.745091151779128,56938
O19,230831,Karst_Fwd,NNNNNNNNYRNNNYRNNN,MB2_KR_DS-377,GCTACCTAGC,HEK293,None,No_4sU,1,Human,SM,RNA,NA,GEX,TSO,Three,SI-TT-A6,TAACGCGT,TAACGCGTGCTACCTAGC,1239561,6044121,421362,571728,8276772,93.09237949287476,73.02509964029456,3743226,32132,87079,134,2.326308911083648,3632280,21740,97.03608598572461,110946,10392,2.963914014275387,3743226
K21,230831,Karst_rev,NNNNNNNNRYNNNRYNNN,MB2_KF_DS-272,GCTTCGCTTT,HEK293,PladB,Nascent,4,Human,SM,RNA,NA,GEX,TSO,Three,SI-TT-A6,TAACGCGT,TAACGCGTGCTTCGCTTT,97192,87466,5428,144025,334111,56.893068471256555,26.178725034494526,61811,11230,9484,87,15.343547265049908,57667,9059,93.29569170535989,4144,2171,6.7043082946401125,61811
A15,230831,Karst_rev,NNNNNNNNRYNNNRYNNN,MB2_KR_DS-36,GGAAACTCCA,NIH3T3,None,Total,2,Mouse,DB,RNA,1000,GEX,TSO,Three,SI-TT-A6,TAACGCGT,TAACGCGTGGAAACTCCA,46847,218058,14589,26475,305969,91.34716262104985,71.26800427494288,148805,13415,316,35,0.21235845569705317,28982,4605,19.476496085481,119823,8810,80.523503914519,148805
A11,230831,Karst_rev,NNNNNNNNRYNNNRYNNN,MB2_KR_DS-28,GGAAAGATAC,HEK293T,None,Total,2,Human,DB,RNA,1000,GEX,TSO,Three,SI-TT-A6,TAACGCGT,TAACGCGTGGAAAGATAC,11,23,2,3,39,92.3076923076923,58.97435897435898,14,14,1,1,7.142857142857142,13,13,92.85714285714286,1,1,7.142857142857142,14
I19,230831,Karst_rev,NNNNNNNNRYNNNRYNNN,MB2_KR_DS-224,GGACCGTTAA,HEK293,U12ASO,Nascent,5,Human,SM,RNA,NA,GEX,TSO,Three,SI-TT-A6,TAACGCGT,TAACGCGTGGACCGTTAA,119470,522069,36707,180554,858800,78.9760130414532,60.790521658127616,322951,19251,9936,112,3.0766277237104083,311031,15155,96.3090375939384,11920,4096,3.6909624060616006,322951
C7,230831,Karst_Fwd,NNNNNNNNYRNNNYRNNN,MB2_KR_DS-59,GGACGAATTA,HEK293,DMSO,Total,2,Human,SM,RNA,NA,GEX,TSO,Three,SI-TT-A6,TAACGCGT,TAACGCGTGGACGAATTA,19494,109216,7716,13802,150228,90.81263146683708,72.70016241978858,68259,9281,2233,63,3.2713634832036798,66168,8025,96.93666769217246,2091,1256,3.0633323078275394,68259
C11,230831,Karst_Fwd,NNNNNNNNYRNNNYRNNN,MB2_KR_DS-69,GGAGTGACTT,HEK293T,None,Total,1,Human,DB,RNA,1000,GEX,TSO,Three,SI-TT-A6,TAACGCGT,TAACGCGTGGAGTGACTT,44892,332173,20707,27407,425179,93.55400901737856,78.12544834058126,211914,13620,3053,79,1.4406787659144749,206028,11020,97.22245816699227,5886,2600,2.7775418330077297,211914
I11,230831,Karst_rev,NNNNNNNNRYNNNRYNNN,MB2_KR_DS-197,GGCCAATCAA,HEK293T,None,Total,1,Human,DB,RNA,1000,GEX,TSO,Three,SI-TT-A6,TAACGCGT,TAACGCGTGGCCAATCAA,3395,26143,1625,2321,33484,93.06833114323258,78.07609604587266,17716,4041,339,43,1.9135244976292616,17196,3631,97.06480018062769,520,410,2.9351998193723188,17716
O17,230831,Karst_rev,NNNNNNNNRYNNNRYNNN,MB2_KF_DS-365,GTCACCTGAC,HEK293,None,No_4sU,1,Human,SM,RNA,NA,GEX,TSO,Three,SI-TT-A6,TAACGCGT,TAACGCGTGTCACCTGAC,1401191,6750213,466806,641225,9259435,93.0749014383707,72.90091674060027,4143609,32975,97567,130,2.3546381910069214,4018471,22240,96.97997566855366,125138,10735,3.020024331446331,4143609
O7,230831,Karst_Fwd,NNNNNNNNYRNNNYRNNN,MB2_KR_DS-333,GTCAGTTCTT,HEK293,PladB,Total,5,Human,SM,RNA,NA,GEX,TSO,Three,SI-TT-A6,TAACGCGT,TAACGCGTGTCAGTTCTT,21215,110373,7636,13128,152352,91.38311279143038,72.44604599873976,69764,8437,2132,71,3.056017430193223,67629,7194,96.93968235766299,2135,1243,3.060317642337022,69764
K19,230831,Karst_Fwd,NNNNNNNNYRNNNYRNNN,MB2_KR_DS-271,GTTAAACGTC,HEK293,PladB,Nascent,4,Human,SM,RNA,NA,GEX,TSO,Three,SI-TT-A6,TAACGCGT,TAACGCGTGTTAAACGTC,93248,105572,6378,178742,383940,53.445329999479085,27.49700474032401,70993,11704,11870,90,16.719958305748452,66028,9297,93.00635273900244,4965,2407,6.993647260997562,70993
I3,230831,Karst_rev,NNNNNNNNRYNNNRYNNN,MB2_KR_DS-189,GTTCGTACTC,HEK293T,None,Total,1,Human,DB,RNA,1000,GEX,TSO,Three,SI-TT-A6,TAACGCGT,TAACGCGTGTTCGTACTC,4830,35541,2274,3053,45698,93.31918245875093,77.77364436080354,22725,4882,320,39,1.408140814081408,22088,4393,97.1969196919692,637,489,2.803080308030803,22725
A5,230831,Karst_Fwd,NNNNNNNNYRNNNYRNNN,MB2_KF_DS-24,GTTCTGTCGT,HEK293,DMSO,Total,1,Human,SM,RNA,NA,GEX,TSO,Three,SI-TT-A6,TAACGCGT,TAACGCGTGTTCTGTCGT,11371,41790,3048,7265,63474,88.55436871790025,65.83798090556763,26637,6074,1406,53,5.27837218906033,25603,5416,96.11818147689304,1034,658,3.8818185231069564,26637
I13,230831,Karst_Fwd,NNNNNNNNYRNNNYRNNN,MB2_KF_DS-207,GTTTGCGTTC,NIH3T3,None,Total,1,Mouse,DB,RNA,1000,GEX,TSO,Three,SI-TT-A6,TAACGCGT,TAACGCGTGTTTGCGTTC,3884,20067,969,2365,27285,91.33223382811069,73.54590434304563,13265,4043,24,8,0.18092725216735772,1342,931,10.116848850358085,11923,3112,89.88315114964192,13265
G15,230831,Karst_Fwd,NNNNNNNNYRNNNYRNNN,MB2_KR_DS-152,TAACCAGATC,NIH3T3,None,Total,1,Mouse,DB,RNA,1000,GEX,TSO,Three,SI-TT-A6,TAACGCGT,TAACGCGTTAACCAGATC,34526,182248,9182,20147,246103,91.81359024473493,74.05354668573727,120963,12326,279,42,0.23064904144242454,11211,4041,9.268123310433769,109752,8285,90.73187668956622,120963
O1,230831,Karst_rev,NNNNNNNNRYNNNRYNNN,MB2_KF_DS-314,TAATGCGAAA,NTC,None,None,1,NTC,DB,None,0,GEX,TSO,Three,SI-TT-A6,TAACGCGT,TAACGCGTTAATGCGAAA,112,208,15,285,620,54.03225806451613,33.5483870967742,178,169,2,2,1.1235955056179776,135,126,75.84269662921348,43,43,24.15730337078652,178
G21,230831,Karst_rev,NNNNNNNNRYNNNRYNNN,MB2_KF_DS-163,TACCCGAGCA,HEK293,NTASO,Nascent,1,Human,SM,RNA,NA,GEX,TSO,Three,SI-TT-A6,TAACGCGT,TAACGCGTTACCCGAGCA,90826,373711,25007,127997,617541,79.27311708858197,60.51598193480271,225900,17562,7931,103,3.5108455068614433,217504,14197,96.28331119964587,8396,3365,3.716688800354139,225900
E19,230831,Karst_rev,NNNNNNNNRYNNNRYNNN,MB2_KR_DS-108,TAGAGATCCG,HEK293,DMSO,Nascent,2,Human,SM,RNA,NA,GEX,TSO,Three,SI-TT-A6,TAACGCGT,TAACGCGTTAGAGATCCG,167937,454643,29414,156318,808312,80.66118033630579,56.245979275329326,284905,19185,10229,109,3.5903195802109473,274143,15287,96.22260051596146,10762,3898,3.777399484038539,284905
M11,230831,Karst_rev,NNNNNNNNRYNNNRYNNN,MB2_KR_DS-291,TGACCACAAG,HEK293T,None,Total,1,Human,DB,RNA,1000,GEX,TSO,Three,SI-TT-A6,TAACGCGT,TAACGCGTTGACCACAAG,4018,28397,1802,2681,36898,92.73402352431026,76.96081088405876,17963,4198,253,37,1.4084507042253522,17440,3778,97.08845961142349,523,420,2.9115403885765185,17963
E3,230831,Karst_rev,NNNNNNNNRYNNNRYNNN,MB2_KR_DS-84,TGAGCTTAGT,HEK293T,None,Total,1,Human,DB,RNA,1000,GEX,TSO,Three,SI-TT-A6,TAACGCGT,TAACGCGTTGAGCTTAGT,48368,342252,20830,29137,440587,93.38677718589064,77.6809120559617,220920,13871,4048,85,1.8323374977367375,214656,11235,97.1645844649647,6264,2636,2.835415535035307,220920
G7,230831,Karst_Fwd,NNNNNNNNYRNNNYRNNN,MB2_KR_DS-140,TGCACAGAGA,HEK293,NTASO,Total,2,Human,SM,RNA,NA,GEX,TSO,Three,SI-TT-A6,TAACGCGT,TAACGCGTTGCACAGAGA,10340,59712,4140,8599,82791,89.613605343576,72.12378157046055,38258,6839,1084,55,2.8333943227560248,37092,6021,96.95227142035652,1166,818,3.0477285796434734,38258
I5,230831,Karst_Fwd,NNNNNNNNYRNNNYRNNN,MB2_KF_DS-192,TGCTTTGCGA,HEK293,U12ASO,Total,5,Human,SM,RNA,NA,GEX,TSO,Three,SI-TT-A6,TAACGCGT,TAACGCGTTGCTTTGCGA,12655,74931,5401,9692,102679,90.56087418069907,72.97597366550123,47281,7690,1315,58,2.781244051521753,45880,6787,97.03686470252322,1401,903,2.9631352974767875,47281
K9,230831,Karst_rev,NNNNNNNNRYNNNRYNNN,MB2_KF_DS-250,TGTAGTTGCG,HEK293,U12ASO,Total,6,Human,SM,RNA,NA,GEX,TSO,Three,SI-TT-A6,TAACGCGT,TAACGCGTTGTAGTTGCG,12882,78247,5484,10032,106645,90.59308922124806,73.37146607904731,48599,7639,1213,59,2.495936130373053,47096,6654,96.90734377250561,1503,985,3.092656227494393,48599
O13,230831,Karst_rev,NNNNNNNNRYNNNRYNNN,MB2_KF_DS-349,TTATGAGCTG,NIH3T3,None,Total,1,Mouse,DB,RNA,1000,GEX,TSO,Three,SI-TT-A6,TAACGCGT,TAACGCGTTTATGAGCTG,3802,20438,1045,2349,27634,91.49960193963958,73.95961496706956,13482,4108,35,17,0.25960539979231567,1385,920,10.272956534638777,12097,3188,89.72704346536122,13482
C15,230831,Karst_Fwd,NNNNNNNNYRNNNYRNNN,MB2_KR_DS-74,TTCATGCGAT,NIH3T3,None,Total,1,Mouse,DB,RNA,1000,GEX,TSO,Three,SI-TT-A6,TAACGCGT,TAACGCGTTTCATGCGAT,39676,208733,10324,24014,282747,91.50689485653251,73.82324127223278,139296,13163,308,44,0.22111187686652883,14707,4359,10.55809212037675,124589,8804,89.44190787962324,139296
O21,230831,Karst_rev,NNNNNNNNRYNNNRYNNN,MB2_KF_DS-378,TTCGAGTTCG,HEK293,None,No_4sU,1,Human,SM,RNA,NA,GEX,TSO,Three,SI-TT-A6,TAACGCGT,TAACGCGTTTCGAGTTCG,1272612,6171894,424606,588209,8457321,93.04497251552826,72.97693915129862,3832223,32362,111562,136,2.911156266219372,3713747,21840,96.90842625807528,118476,10522,3.091573741924726,3832223
I9,230831,Karst_Fwd,NNNNNNNNYRNNNYRNNN,MB2_KF_DS-196,TTCTAGCAAG,HEK293,U12ASO,Total,5,Human,SM,RNA,NA,GEX,TSO,Three,SI-TT-A6,TAACGCGT,TAACGCGTTTCTAGCAAG,11604,72333,5153,9209,98299,90.63164426901596,73.58467532731767,44784,7354,1194,57,2.6661307609860665,43300,6404,96.686316541622,1484,950,3.3136834583779926,44784
K17,230831,Karst_rev,NNNNNNNNRYNNNRYNNN,MB2_KF_DS-270,TTGTCAGTGT,HEK293,PladB,Nascent,4,Human,SM,RNA,NA,GEX,TSO,Three,SI-TT-A6,TAACGCGT,TAACGCGTTTGTCAGTGT,108787,118987,7257,203623,438654,53.580042584816276,27.125479307153245,78798,12517,12246,84,15.541003578771035,73038,9868,92.69016980126399,5760,2649,7.309830198736009,78798
G5,230831,Karst_rev,NNNNNNNNRYNNNRYNNN,MB2_KF_DS-139,TTTCGACGTA,HEK293,NTASO,Total,2,Human,SM,RNA,NA,GEX,TSO,Three,SI-TT-A6,TAACGCGT,TAACGCGTTTTCGACGTA,13386,78990,5496,10290,108162,90.48649248349697,73.02934487158151,49102,7792,1218,63,2.4805506903995767,47626,6850,96.99401246385077,1476,942,3.0059875361492407,49102
C3,230831,Karst_Fwd,NNNNNNNNYRNNNYRNNN,MB2_KR_DS-54,TTTGTTGTGA,HEK293T,None,Total,1,Human,DB,RNA,1000,GEX,TSO,Three,SI-TT-A6,TAACGCGT,TAACGCGTTTTGTTGTGA,48606,324030,20266,28330,421232,93.27449006723135,76.92435522467429,209240,14106,4578,93,2.1879181800802905,203091,11513,97.06126935576371,6149,2593,2.9387306442362835,209240
