Num,Well,Primer_ID,Well_BC,Date,Input,Researcher,Cell_Line,Drug,Dose_M,Day_Exposure,Storage,PCR_conditions,Replicate,Species,Plate_ID,Plate_Seq,Sample_BC,Intergenic,Exon,Ambiguity,Unmapped,Reads,Mapped,Exon_Map,sum,detected,subsets_Mito_sum,subsets_Mito_detected,subsets_Mito_percent,total
63,F3,TurboSSS_DS246-F3,AAAGACTTCG,230816,GEX,ZM,BT504,TMZ,3.16e-7,3,Freezer,PCR1-10_PCR2-8,3,Human,SI-TT-H10,TTATCTAG,TTATCTAGAAAGACTTCG,1222695,1511366,80712,43140,2857913,98.49050688386946,52.883555237685684,218086,12604,18857,86,8.646588960318406,218086
41,D5,TurboSSS_DS143-D5,AAAGTGTGTG,230816,GEX,ZM,BT504,TMZ,3.16e-6,5,Freezer,PCR1-10_PCR2-8,2,Human,SI-TT-H10,TTATCTAG,TTATCTAGAAAGTGTGTG,1892499,2034286,99923,64496,4091204,98.42354475601803,49.72340660597712,301984,13415,31736,85,10.509166048532373,301984
31,C7,TurboSSS_DS97-C7,AACGAGCCTG,230816,GEX,ZM,BT504,TMZ,1e-5,7,Freezer,PCR1-10_PCR2-8,1,Human,SI-TT-H10,TTATCTAG,TTATCTAGAACGAGCCTG,251793,379172,20508,15464,666937,97.6813402165422,56.85274621141127,56786,9118,5123,62,9.02158982847885,56786
74,G2,TurboSSS_DS279-G2,AACGTCAGCC,230816,GEX,ZM,BT504,TMZ,1e-7,3,Freezer,PCR1-10_PCR2-8,2,Human,SI-TT-H10,TTATCTAG,TTATCTAGAACGTCAGCC,939539,1229288,65261,32313,2266401,98.57425936539914,54.23965132383899,212938,12549,17942,84,8.425926795593083,212938
79,G7,TurboSSS_DS292-G7,AAGATTTGCC,230816,GEX,ZM,BT504,TMZ,1e-7,7,Freezer,PCR1-10_PCR2-8,1,Human,SI-TT-H10,TTATCTAG,TTATCTAGAAGATTTGCC,3463738,3169902,167103,92182,6892925,98.6626577251312,45.987762814770214,415394,13955,38259,87,9.210291915627092,415394
59,E11,TurboSSS_DS227-E11,ACAAAGAGAG,230816,GEX,DB,HEK293T,None,0,0,Freezer,PCR1-10_PCR2-8,2,Human,SI-TT-H10,TTATCTAG,TTATCTAGACAAAGAGAG,475439,571356,38979,17342,1103116,98.42790785375246,51.79473418933276,101721,11365,6110,75,6.006625967106103,101721
22,B10,TurboSSS_DS76-B10,ACACCCGTCA,230816,GEX,ZM,BT504,TMZ,1e-5,7,Fridge,PCR1-10_PCR2-8,1,Human,SI-TT-H10,TTATCTAG,TTATCTAGACACCCGTCA,183887,197853,10500,13043,405283,96.78175497121764,48.81847992637244,36152,7635,4261,56,11.786346536844434,36152
2,A2,TurboSSS_DS21-A2,ACAGTAGCTC,230816,GEX,ZM,BT504,TMZ,1e-4,3,Freezer,PCR1-10_PCR2-8,2,Human,SI-TT-H10,TTATCTAG,TTATCTAGACAGTAGCTC,2588470,3373888,183836,98587,6244781,98.42128971376258,54.02732297577769,399826,14149,25736,90,6.436800008003482,399826
68,F8,TurboSSS_DS264-F8,ACATCCATGT,230816,GEX,ZM,BT504,TMZ,3.16e-7,7,Freezer,PCR1-10_PCR2-8,2,Human,SI-TT-H10,TTATCTAG,TTATCTAGACATCCATGT,3978128,4080247,223400,119328,8401103,98.57961508149585,48.56799160776865,483138,14349,40654,90,8.414573061940894,483138
43,D7,TurboSSS_DS150-D7,ACCGACGTAA,230816,GEX,ZM,BT504,TMZ,3.16e-6,7,Freezer,PCR1-10_PCR2-8,1,Human,SI-TT-H10,TTATCTAG,TTATCTAGACCGACGTAA,1006074,1173761,60539,33274,2273648,98.53653687817992,51.624569854260635,147229,11762,16072,82,10.916327625671572,147229
92,H8,TurboSSS_DS357-H8,ACGCCTATCG,230816,GEX,ZM,BT504,DMSO,0,7,Freezer,PCR1-10_PCR2-8,2,Human,SI-TT-H10,TTATCTAG,TTATCTAGACGCCTATCG,6803128,6338411,309477,185147,13636163,98.64223535608954,46.48236457719081,678030,15259,60039,90,8.854917923985663,678030
64,F4,TurboSSS_DS247-F4,ACGTTTGATG,230816,GEX,ZM,BT504,TMZ,3.16e-7,5,Freezer,PCR1-10_PCR2-8,1,Human,SI-TT-H10,TTATCTAG,TTATCTAGACGTTTGATG,2779565,2760971,142457,75939,5758932,98.68137008737037,47.942413628082434,335305,13520,33164,89,9.890696530024904,335305
10,A10,TurboSSS_DS40-A10,AGACGCATCG,230816,GEX,ZM,BT504,DMSO,0,7,Fridge,PCR1-10_PCR2-8,1,Human,SI-TT-H10,TTATCTAG,TTATCTAGAGACGCATCG,2849105,3338575,173991,82458,6444129,98.72041667694734,51.80801005069886,385297,13837,22424,89,5.819925927271689,385297
42,D6,TurboSSS_DS146-D6,AGAGTGCAAA,230816,GEX,ZM,BT504,TMZ,3.16e-6,5,Freezer,PCR1-10_PCR2-8,3,Human,SI-TT-H10,TTATCTAG,TTATCTAGAGAGTGCAAA,351478,437122,20465,24179,833244,97.09820892799708,52.460263740272964,61221,9350,6895,69,11.262475294425116,61221
38,D2,TurboSSS_DS138-D2,AGCACGTTTA,230816,GEX,ZM,BT504,TMZ,3.16e-6,3,Freezer,PCR1-10_PCR2-8,2,Human,SI-TT-H10,TTATCTAG,TTATCTAGAGCACGTTTA,735244,981410,54931,23967,1795552,98.66520156475558,54.65784338186809,132804,11540,12185,80,9.175175446522694,132804
15,B3,TurboSSS_DS58-B3,AGTGACAGCG,230816,GEX,ZM,BT504,TMZ,3.16e-5,3,Freezer,PCR1-10_PCR2-8,3,Human,SI-TT-H10,TTATCTAG,TTATCTAGAGTGACAGCG,551840,999456,54181,30445,1635922,98.13896995089007,61.09435535435064,118034,11287,7656,81,6.486266668925903,118034
35,C11,TurboSSS_DS109-C11,AGTTCCGTGA,230816,GEX,ZM,BT504,TMZ,1e-4,7,Fridge,PCR1-10_PCR2-8,2,Human,SI-TT-H10,TTATCTAG,TTATCTAGAGTTCCGTGA,222009,232331,12175,9081,475596,98.09060631292105,48.85049495790545,30545,7068,4001,62,13.098706825994435,30545
90,H6,TurboSSS_DS348-H6,ATAGAACCGC,230816,GEX,ZM,BT504,DMSO,0,5,Freezer,PCR1-10_PCR2-8,3,Human,SI-TT-H10,TTATCTAG,TTATCTAGATAGAACCGC,11594305,16769089,844858,415971,29624223,98.59584165296083,56.606004484910876,1687202,17472,90956,92,5.390937184759145,1687202
25,C1,TurboSSS_DS83-C1,ATCAAGAACG,230816,GEX,ZM,BT504,TMZ,1e-5,3,Freezer,PCR1-10_PCR2-8,1,Human,SI-TT-H10,TTATCTAG,TTATCTAGATCAAGAACG,1118885,1559540,85695,36014,2800134,98.71384726588084,55.69519173011006,217016,12647,18549,87,8.547296051904008,217016
60,E12,TurboSSS_DS236-E12,ATCAGCGCGA,230816,GEX,DB,HEK293T,None,0,0,Freezer,PCR1-10_PCR2-8,3,Human,SI-TT-H10,TTATCTAG,TTATCTAGATCAGCGCGA,1472251,1759254,124655,50977,3407137,98.50381713444455,51.63437807167719,195585,13103,10414,87,5.324539202904108,195585
29,C5,TurboSSS_DS88-C5,ATCGCGTTGT,230816,GEX,ZM,BT504,TMZ,1e-5,5,Freezer,PCR1-10_PCR2-8,2,Human,SI-TT-H10,TTATCTAG,TTATCTAGATCGCGTTGT,674624,1118877,63731,28164,1885396,98.50620241052808,59.344402979533214,141036,11600,11431,79,8.105022831050228,141036
45,D9,TurboSSS_DS154-D9,ATGCAGTAGA,230816,GEX,ZM,BT504,TMZ,3.16e-6,7,Freezer,PCR1-10_PCR2-8,3,Human,SI-TT-H10,TTATCTAG,TTATCTAGATGCAGTAGA,647881,1087575,57724,25659,1818839,98.58926491019821,59.79501209287903,144569,11734,13476,81,9.321500459987963,144569
67,F7,TurboSSS_DS262-F7,ATGTCGCGTG,230816,GEX,ZM,BT504,TMZ,3.16e-7,7,Freezer,PCR1-10_PCR2-8,1,Human,SI-TT-H10,TTATCTAG,TTATCTAGATGTCGCGTG,3446866,2888500,147249,89047,6571662,98.64498508900793,43.95387346458172,340875,13541,38530,86,11.303263659699303,340875
61,F1,TurboSSS_DS239-F1,ATGTTGCACA,230816,GEX,ZM,BT504,TMZ,3.16e-7,3,Freezer,PCR1-10_PCR2-8,1,Human,SI-TT-H10,TTATCTAG,TTATCTAGATGTTGCACA,1001111,1103589,61279,27613,2193592,98.74119708678734,50.309674725290755,141501,11607,14794,79,10.455049787634008,141501
89,H5,TurboSSS_DS346-H5,CAATCACTGA,230816,GEX,ZM,BT504,DMSO,0,5,Freezer,PCR1-10_PCR2-8,2,Human,SI-TT-H10,TTATCTAG,TTATCTAGCAATCACTGA,4811902,6395488,333103,147651,11688144,98.73674554317606,54.71773790603538,693655,15079,45307,90,6.531633160576944,693655
73,G1,TurboSSS_DS276-G1,CAATTGTTCG,230816,GEX,ZM,BT504,TMZ,1e-7,3,Freezer,PCR1-10_PCR2-8,1,Human,SI-TT-H10,TTATCTAG,TTATCTAGCAATTGTTCG,1729764,1942919,98091,55619,3826393,98.54643785936258,50.77677593493403,214587,12563,19473,84,9.074641054677123,214587
21,B9,TurboSSS_DS75-B9,CACACTAGCG,230816,GEX,ZM,BT504,TMZ,3.16e-5,7,Freezer,PCR1-10_PCR2-8,3,Human,SI-TT-H10,TTATCTAG,TTATCTAGCACACTAGCG,364755,713005,36176,24732,1138668,97.82798849181675,62.61746180625081,83046,10241,6847,76,8.244828167521614,83046
75,G3,TurboSSS_DS280-G3,CATGTACTTG,230816,GEX,ZM,BT504,TMZ,1e-7,3,Freezer,PCR1-10_PCR2-8,3,Human,SI-TT-H10,TTATCTAG,TTATCTAGCATGTACTTG,2722102,4605216,245401,107275,7679994,98.60318901290809,59.96379684671629,504932,14342,28436,89,5.631649410217614,504932
27,C3,TurboSSS_DS85-C3,CCAAGACGTG,230816,GEX,ZM,BT504,TMZ,1e-5,3,Freezer,PCR1-10_PCR2-8,3,Human,SI-TT-H10,TTATCTAG,TTATCTAGCCAAGACGTG,314946,521480,30395,11614,878435,98.67787599537814,59.36466557001941,88694,10434,6684,74,7.536022729835164,88694
5,A5,TurboSSS_DS27-A5,CCGTATGTAG,230816,GEX,ZM,BT504,TMZ,1e-4,5,Freezer,PCR1-10_PCR2-8,2,Human,SI-TT-H10,TTATCTAG,TTATCTAGCCGTATGTAG,343504,728473,40143,19656,1131776,98.26326057453065,64.36547514702556,95878,10641,7019,77,7.320761801456017,95878
83,G11,TurboSSS_DS311-G11,CCGTCATACC,230816,GEX,DB,NIH3T3,None,0,0,Freezer,PCR1-10_PCR2-8,2,Mouse,SI-TT-H10,TTATCTAG,TTATCTAGCCGTCATACC,207342,183210,9919,798044,1198515,33.41393307551428,15.286416940964443,34224,5841,887,56,2.5917484805984103,34224
76,G4,TurboSSS_DS288-G4,CCTCTGAGCA,230816,GEX,ZM,BT504,TMZ,1e-7,5,Freezer,PCR1-10_PCR2-8,1,Human,SI-TT-H10,TTATCTAG,TTATCTAGCCTCTGAGCA,4396528,5194892,270867,146406,10008693,98.53721160195443,51.90380002663685,549013,14857,36541,90,6.655762249709935,549013
81,G9,TurboSSS_DS302-G9,CGCCGATATC,230816,GEX,ZM,BT504,TMZ,1e-7,7,Freezer,PCR1-10_PCR2-8,3,Human,SI-TT-H10,TTATCTAG,TTATCTAGCGCCGATATC,12667455,15106629,800982,398948,28974014,98.62308342917208,52.1385438689993,1619014,17548,88541,94,5.468822382017697,1619014
86,H2,TurboSSS_DS322-H2,CGTAAGTGTT,230816,GEX,ZM,BT504,DMSO,0,3,Freezer,PCR1-10_PCR2-8,2,Human,SI-TT-H10,TTATCTAG,TTATCTAGCGTAAGTGTT,1754026,2014569,105752,56315,3930662,98.56728968301015,51.25266430947255,231581,12635,21009,87,9.071987771017485,231581
4,A4,TurboSSS_DS25-A4,CGTCAATAGT,230816,GEX,ZM,BT504,TMZ,1e-4,5,Freezer,PCR1-10_PCR2-8,1,Human,SI-TT-H10,TTATCTAG,TTATCTAGCGTCAATAGT,635291,1000711,53283,34179,1723464,98.01684282352286,58.06393403053386,141886,11645,11102,82,7.824591573516767,141886
52,E4,TurboSSS_DS194-E4,CGTCACTCTA,230816,GEX,ZM,BT504,TMZ,1e-6,5,Freezer,PCR1-10_PCR2-8,1,Human,SI-TT-H10,TTATCTAG,TTATCTAGCGTCACTCTA,4231312,4104047,205066,128128,8668553,98.52192170942486,47.34408383959814,465549,14316,46050,90,9.891547398877453,465549
46,D10,TurboSSS_DS160-D10,CGTTGAACTG,230816,GEX,DB,HEK293T,None,0,0,Freezer,PCR1-10_PCR2-8,1,Human,SI-TT-H10,TTATCTAG,TTATCTAGCGTTGAACTG,1290685,1527965,103679,49558,2971887,98.33243996154631,51.41396695096415,182219,12976,9735,86,5.342472519331134,182219
32,C8,TurboSSS_DS98-C8,CTACATGTCG,230816,GEX,ZM,BT504,TMZ,1e-5,7,Freezer,PCR1-10_PCR2-8,2,Human,SI-TT-H10,TTATCTAG,TTATCTAGCTACATGTCG,522049,761623,39809,22554,1346035,98.32441206952271,56.582704015868835,91527,10534,8527,71,9.316376588329128,91527
56,E8,TurboSSS_DS216-E8,CTAGCCTCGA,230816,GEX,ZM,BT504,TMZ,1e-6,7,Freezer,PCR1-10_PCR2-8,2,Human,SI-TT-H10,TTATCTAG,TTATCTAGCTAGCCTCGA,3197248,4009514,207782,100181,7514725,98.66687071050504,53.35543216817648,438712,14042,35633,88,8.12218494137384,438712
36,C12,TurboSSS_DS131-C12,CTCGTCTCTC,230816,GEX,ZM,BT504,TMZ,1e-4,7,Fridge,PCR1-10_PCR2-8,3,Human,SI-TT-H10,TTATCTAG,TTATCTAGCTCGTCTCTC,165242,183241,9646,7923,366052,97.83555341863998,50.058734824560446,27148,6803,3250,61,11.971415942242523,27148
62,F2,TurboSSS_DS243-F2,CTGAAACGAG,230816,GEX,ZM,BT504,TMZ,3.16e-7,3,Freezer,PCR1-10_PCR2-8,2,Human,SI-TT-H10,TTATCTAG,TTATCTAGCTGAAACGAG,2100468,2357069,123990,68400,4649927,98.52900916509012,50.69045169956432,262907,13172,22901,85,8.7106847668567209,262907
96,H12,TurboSSS_DS380-H12,CTGTCTTGTA,230816,NTC,DB,NA,None,0,0,Freezer,PCR1-10_PCR2-8,3,None,SI-TT-H10,TTATCTAG,TTATCTAGCTGTCTTGTA,114297,211629,12183,5681,343790,98.34753774106287,61.55763692952093,29108,7369,2097,63,7.204205029545142,29108
49,E1,TurboSSS_DS187-E1,CTTAGTGTCC,230816,GEX,ZM,BT504,TMZ,1e-6,3,Freezer,PCR1-10_PCR2-8,1,Human,SI-TT-H10,TTATCTAG,TTATCTAGCTTAGTGTCC,965236,1703645,97200,39426,2805507,98.59469251012383,60.72503116192546,200401,12170,13653,83,6.812840255288147,200401
1,A1,TurboSSS_DS8-A1,CTTGATCGCG,230816,GEX,ZM,BT504,TMZ,1e-4,3,Freezer,PCR1-10_PCR2-8,1,Human,SI-TT-H10,TTATCTAG,TTATCTAGCTTGATCGCG,593725,965725,55544,24115,1639109,98.52877386433727,58.917680276296444,124449,11142,10035,79,8.063544102403394,124449
80,G8,TurboSSS_DS293-G8,CTTTCGTGAC,230816,GEX,ZM,BT504,TMZ,1e-7,7,Freezer,PCR1-10_PCR2-8,2,Human,SI-TT-H10,TTATCTAG,TTATCTAGCTTTCGTGAC,2521976,2516678,135962,69035,5243651,98.68345547787219,47.99476547924337,309922,13330,28673,88,9.25168268144888,309922
57,E9,TurboSSS_DS217-E9,GAAAGCAGTG,230816,GEX,ZM,BT504,TMZ,1e-6,7,Freezer,PCR1-10_PCR2-8,3,Human,SI-TT-H10,TTATCTAG,TTATCTAGGAAAGCAGTG,16530300,17422036,849269,493274,35294879,98.60242048145285,49.36137052630213,1792140,17980,125311,96,6.9922550693584204,1792140
7,A7,TurboSSS_DS33-A7,GAACTACGAA,230816,GEX,ZM,BT504,TMZ,1e-4,7,Freezer,PCR1-10_PCR2-8,1,Human,SI-TT-H10,TTATCTAG,TTATCTAGGAACTACGAA,7380,12724,662,1151,21917,94.7483688461012,58.055390792535476,4850,2554,459,25,9.463917525773196,4850
33,C9,TurboSSS_DS107-C9,GAAGTTCCGT,230816,GEX,ZM,BT504,TMZ,1e-5,7,Freezer,PCR1-10_PCR2-8,3,Human,SI-TT-H10,TTATCTAG,TTATCTAGGAAGTTCCGT,395930,856212,45442,22016,1319600,98.33161564110337,64.88420733555623,104551,10851,7856,77,7.5140362119922335,104551
66,F6,TurboSSS_DS261-F6,GAATCCTACA,230816,GEX,ZM,BT504,TMZ,3.16e-7,5,Freezer,PCR1-10_PCR2-8,3,Human,SI-TT-H10,TTATCTAG,TTATCTAGGAATCCTACA,6801742,7407366,382216,214698,14806022,98.54992786043408,50.029413707476586,830824,15650,62279,92,7.496052112120016,830824
19,B7,TurboSSS_DS70-B7,GACCAGCTAT,230816,GEX,ZM,BT504,TMZ,3.16e-5,7,Freezer,PCR1-10_PCR2-8,1,Human,SI-TT-H10,TTATCTAG,TTATCTAGGACCAGCTAT,186387,284800,15730,16374,503291,96.74661378804707,56.58754080641219,41428,8183,3479,55,8.397702037269479,41428
13,B1,TurboSSS_DS51-B1,GACGATAGAG,230816,GEX,ZM,BT504,TMZ,3.16e-5,3,Freezer,PCR1-10_PCR2-8,1,Human,SI-TT-H10,TTATCTAG,TTATCTAGGACGATAGAG,783130,1294624,72800,28188,2178742,98.70622588631421,59.42071158494213,186660,12278,13300,86,7.125254473374048,186660
48,D12,TurboSSS_DS185-D12,GAGAAGAACC,230816,GEX,DB,HEK293T,None,0,0,Freezer,PCR1-10_PCR2-8,3,Human,SI-TT-H10,TTATCTAG,TTATCTAGGAGAAGAACC,711366,833521,57405,24409,1626701,98.49947839215689,51.23996358273586,136248,12130,8214,81,6.028712348071164,136248
17,B5,TurboSSS_DS65-B5,GAGCATATTC,230816,GEX,ZM,BT504,TMZ,3.16e-5,5,Freezer,PCR1-10_PCR2-8,2,Human,SI-TT-H10,TTATCTAG,TTATCTAGGAGCATATTC,307710,578180,33075,15053,934018,98.38836082388134,61.90244727617669,82283,10074,6411,71,7.791402841413171,82283
84,G12,TurboSSS_DS313-G12,GAGCCTCCAT,230816,GEX,DB,NIH3T3,None,0,0,Freezer,PCR1-10_PCR2-8,3,Mouse,SI-TT-H10,TTATCTAG,TTATCTAGGAGCCTCCAT,206959,188569,10444,742706,1148678,35.342541599995826,16.416175812542765,29977,5719,1059,53,3.532708409780832,29977
28,C4,TurboSSS_DS87-C4,GAGCCTTTGA,230816,GEX,ZM,BT504,TMZ,1e-5,5,Freezer,PCR1-10_PCR2-8,1,Human,SI-TT-H10,TTATCTAG,TTATCTAGGAGCCTTTGA,565548,824887,44450,20101,1454986,98.61847467948145,56.69381011226224,112212,11040,9698,79,8.642569422165188,112212
30,C6,TurboSSS_DS94-C6,GATGACACGA,230816,GEX,ZM,BT504,TMZ,1e-5,5,Freezer,PCR1-10_PCR2-8,3,Human,SI-TT-H10,TTATCTAG,TTATCTAGGATGACACGA,331879,513028,28852,12480,886239,98.5918019856946,57.888222025886925,72268,9905,6632,70,9.176952454751758,72268
72,F12,TurboSSS_DS273-F12,GATTGTAACC,230816,GEX,DB,NIH3T3,None,0,0,Freezer,PCR1-10_PCR2-8,3,Mouse,SI-TT-H10,TTATCTAG,TTATCTAGGATTGTAACC,266738,241732,12866,1066403,1587739,32.83511962608465,15.22492046866645,37237,6266,1165,58,3.1286086419421544,37237
87,H3,TurboSSS_DS332-H3,GCACATCAAG,230816,GEX,ZM,BT504,DMSO,0,3,Freezer,PCR1-10_PCR2-8,3,Human,SI-TT-H10,TTATCTAG,TTATCTAGGCACATCAAG,144300,290611,15416,14151,464478,96.9533540878147,62.567226004245626,39409,7783,3493,60,8.863457585830648,39409
77,G5,TurboSSS_DS290-G5,GCCAACAGAA,230816,GEX,ZM,BT504,TMZ,1e-7,5,Freezer,PCR1-10_PCR2-8,2,Human,SI-TT-H10,TTATCTAG,TTATCTAGGCCAACAGAA,2029328,2133751,106784,59087,4328950,98.63507317016828,49.290266692847,297217,13272,27101,88,9.11825366651302,297217
94,H10,TurboSSS_DS377-H10,GCTACCTAGC,230816,NTC,DB,NA,None,0,0,Freezer,PCR1-10_PCR2-8,1,None,SI-TT-H10,TTATCTAG,TTATCTAGGCTACCTAGC,26859,29592,1634,7296,65381,88.84079472629664,45.260855600250835,4580,2316,540,27,11.790393013100436,4580
71,F11,TurboSSS_DS272-F11,GCTTCGCTTT,230816,GEX,DB,NIH3T3,None,0,0,Freezer,PCR1-10_PCR2-8,2,Mouse,SI-TT-H10,TTATCTAG,TTATCTAGGCTTCGCTTT,423958,395748,18829,1925241,2763776,30.340193995461277,14.319105455724342,57188,7223,1581,63,2.764565992865636,57188
8,A8,TurboSSS_DS36-A8,GGAAACTCCA,230816,GEX,ZM,BT504,TMZ,1e-4,7,Freezer,PCR1-10_PCR2-8,2,Human,SI-TT-H10,TTATCTAG,TTATCTAGGGAAACTCCA,371516,519527,27347,20123,938513,97.85586347765029,55.35639889910955,67969,9664,7179,71,10.562168047197988,67969
6,A6,TurboSSS_DS28-A6,GGAAAGATAC,230816,GEX,ZM,BT504,TMZ,1e-4,5,Freezer,PCR1-10_PCR2-8,3,Human,SI-TT-H10,TTATCTAG,TTATCTAGGGAAAGATAC,269037,490673,27419,12796,799925,98.40035003281558,61.33987561333875,84282,10185,6588,76,7.81661564746921,84282
58,E10,TurboSSS_DS224-E10,GGACCGTTAA,230816,GEX,DB,HEK293T,None,0,0,Freezer,PCR1-10_PCR2-8,1,Human,SI-TT-H10,TTATCTAG,TTATCTAGGGACCGTTAA,786863,981914,72414,30394,1871585,98.37602887392237,52.46430164806834,137522,12144,6637,80,4.82613690900365,137522
16,B4,TurboSSS_DS59-B4,GGACGAATTA,230816,GEX,ZM,BT504,TMZ,3.16e-5,5,Freezer,PCR1-10_PCR2-8,1,Human,SI-TT-H10,TTATCTAG,TTATCTAGGGACGAATTA,19368,27304,1797,8058,56527,85.74486528561573,48.30258106745449,4467,2241,502,34,11.23796731587195,4467
18,B6,TurboSSS_DS69-B6,GGAGTGACTT,230816,GEX,ZM,BT504,TMZ,3.16e-5,5,Freezer,PCR1-10_PCR2-8,3,Human,SI-TT-H10,TTATCTAG,TTATCTAGGGAGTGACTT,326533,501885,28160,18225,874803,97.91667381113234,57.3712024307187,66252,9525,5778,71,8.72124615105959,66252
9,A9,TurboSSS_DS37-A9,GGATAGTGAG,230816,GEX,ZM,BT504,TMZ,1e-4,7,Freezer,PCR1-10_PCR2-8,3,Human,SI-TT-H10,TTATCTAG,TTATCTAGGGATAGTGAG,398976,774390,42694,21059,1237119,98.29773853606646,62.59624175200608,106574,10910,8828,75,8.28344624392441,106574
54,E6,TurboSSS_DS197-E6,GGCCAATCAA,230816,GEX,ZM,BT504,TMZ,1e-6,5,Freezer,PCR1-10_PCR2-8,3,Human,SI-TT-H10,TTATCTAG,TTATCTAGGGCCAATCAA,209011,324468,17419,11784,562682,97.90574427474132,57.664542316974774,45373,8398,4297,61,9.470389879443722,45373
24,B12,TurboSSS_DS82-B12,GGGATCATTG,230816,GEX,ZM,BT504,TMZ,1e-5,7,Fridge,PCR1-10_PCR2-8,3,Human,SI-TT-H10,TTATCTAG,TTATCTAGGGGATCATTG,352898,330604,17008,14936,715446,97.91235117674849,46.20949729259791,44346,8109,6391,63,14.411671853154736,44346
93,H9,TurboSSS_DS365-H9,GTCACCTGAC,230816,GEX,ZM,BT504,DMSO,0,7,Freezer,PCR1-10_PCR2-8,3,Human,SI-TT-H10,TTATCTAG,TTATCTAGGTCACCTGAC,2511939,3026352,168008,80828,5787127,98.60331387232387,52.29454960984958,406211,13941,29805,86,7.337319767313047,406211
88,H4,TurboSSS_DS333-H4,GTCAGTTCTT,230816,GEX,ZM,BT504,DMSO,0,5,Freezer,PCR1-10_PCR2-8,1,Human,SI-TT-H10,TTATCTAG,TTATCTAGGTCAGTTCTT,1027753,1229098,74285,31105,2362241,98.68324188768207,52.031016310359526,168025,11814,14120,83,8.403511382234786,168025
70,F10,TurboSSS_DS271-F10,GTTAAACGTC,230816,GEX,DB,NIH3T3,None,0,0,Freezer,PCR1-10_PCR2-8,1,Mouse,SI-TT-H10,TTATCTAG,TTATCTAGGTTAAACGTC,300432,271051,13568,1240524,1825575,32.04749188611807,14.847431631129918,41759,6507,1192,60,2.8544744845422545,41759
50,E2,TurboSSS_DS189-E2,GTTCGTACTC,230816,GEX,ZM,BT504,TMZ,1e-6,3,Freezer,PCR1-10_PCR2-8,2,Human,SI-TT-H10,TTATCTAG,TTATCTAGGTTCGTACTC,1953082,2908931,169478,66337,5097828,98.69872031775101,57.06216451398517,360195,13704,21567,86,5.987590055386666,360195
3,A3,TurboSSS_DS24-A3,GTTCTGTCGT,230816,GEX,ZM,BT504,TMZ,1e-4,3,Freezer,PCR1-10_PCR2-8,3,Human,SI-TT-H10,TTATCTAG,TTATCTAGGTTCTGTCGT,213243,542334,33470,11309,800356,98.58700378331642,67.76159608974007,75682,10068,4002,71,5.28791522422769,75682
55,E7,TurboSSS_DS207-E7,GTTTGCGTTC,230816,GEX,ZM,BT504,TMZ,1e-6,7,Freezer,PCR1-10_PCR2-8,1,Human,SI-TT-H10,TTATCTAG,TTATCTAGGTTTGCGTTC,2540995,2530665,133181,71620,5276461,98.6426508222083,47.96140822418663,305163,13308,29687,86,9.728243594406925,305163
44,D8,TurboSSS_DS152-D8,TAACCAGATC,230816,GEX,ZM,BT504,TMZ,3.16e-6,7,Freezer,PCR1-10_PCR2-8,2,Human,SI-TT-H10,TTATCTAG,TTATCTAGTAACCAGATC,1432772,1622473,85016,46590,3186851,98.53805527776478,50.911479702063254,203735,12548,20949,88,10.282474783419639,203735
85,H1,TurboSSS_DS314-H1,TAATGCGAAA,230816,GEX,ZM,BT504,DMSO,0,3,Freezer,PCR1-10_PCR2-8,1,Human,SI-TT-H10,TTATCTAG,TTATCTAGTAATGCGAAA,1294598,1745384,97555,41913,3179450,98.68175313340357,54.89578386198871,238761,12640,20266,85,8.487985893843634,238761
47,D11,TurboSSS_DS163-D11,TACCCGAGCA,230816,GEX,DB,HEK293T,None,0,0,Freezer,PCR1-10_PCR2-8,2,Human,SI-TT-H10,TTATCTAG,TTATCTAGTACCCGAGCA,1205758,1488462,108596,56118,2858934,98.03710054167043,52.06353137218278,164938,12802,7331,85,4.444700432889935,164938
34,C10,TurboSSS_DS108-C10,TAGAGATCCG,230816,GEX,ZM,BT504,TMZ,1e-4,7,Fridge,PCR1-10_PCR2-8,1,Human,SI-TT-H10,TTATCTAG,TTATCTAGTAGAGATCCG,94740,95166,5008,3529,198443,98.22165558875848,47.95634010773875,16797,5331,2213,45,13.174971721140679,16797
37,D1,TurboSSS_DS137-D1,TAGCTCGTTG,230816,GEX,ZM,BT504,TMZ,3.16e-6,3,Freezer,PCR1-10_PCR2-8,1,Human,SI-TT-H10,TTATCTAG,TTATCTAGTAGCTCGTTG,1590762,1855915,98806,55667,3601150,98.4541882454216,51.536731321938824,208784,12572,18713,83,8.962851559506475,208784
78,G6,TurboSSS_DS291-G6,TGACCACAAG,230816,GEX,ZM,BT504,TMZ,1e-7,5,Freezer,PCR1-10_PCR2-8,3,Human,SI-TT-H10,TTATCTAG,TTATCTAGTGACCACAAG,2702492,3302792,176714,86278,6268276,98.6235768814264,52.69059626602275,390402,13886,28140,91,7.207954877280341,390402
26,C2,TurboSSS_DS84-C2,TGAGCTTAGT,230816,GEX,ZM,BT504,TMZ,1e-5,3,Freezer,PCR1-10_PCR2-8,2,Human,SI-TT-H10,TTATCTAG,TTATCTAGTGAGCTTAGT,937725,1215705,66430,35105,2254965,98.44321308756456,53.91236671079152,146083,11843,13207,83,9.040750806048615,146083
11,A11,TurboSSS_DS41-A11,TGATTTCGTG,230816,GEX,ZM,BT504,DMSO,0,7,Fridge,PCR1-10_PCR2-8,2,Human,SI-TT-H10,TTATCTAG,TTATCTAGTGATTTCGTG,2124208,1814802,100992,53405,4093407,98.69534106918759,44.33475586473566,219007,12668,22383,87,10.22022127146621,219007
40,D4,TurboSSS_DS140-D4,TGCACAGAGA,230816,GEX,ZM,BT504,TMZ,3.16e-6,5,Freezer,PCR1-10_PCR2-8,1,Human,SI-TT-H10,TTATCTAG,TTATCTAGTGCACAGAGA,1034188,1049230,52851,28334,2164603,98.69103017966805,48.472167875587346,171350,12108,19645,83,11.46483805077327,171350
51,E3,TurboSSS_DS192-E3,TGCTTTGCGA,230816,GEX,ZM,BT504,TMZ,1e-6,3,Freezer,PCR1-10_PCR2-8,3,Human,SI-TT-H10,TTATCTAG,TTATCTAGTGCTTTGCGA,1102055,1509045,86652,36949,2734701,98.64888336969928,55.1813525500594,181763,12013,14235,84,7.8316268987637745,181763
65,F5,TurboSSS_DS250-F5,TGTAGTTGCG,230816,GEX,ZM,BT504,TMZ,3.16e-7,5,Freezer,PCR1-10_PCR2-8,2,Human,SI-TT-H10,TTATCTAG,TTATCTAGTGTAGTTGCG,3951772,4592760,247425,113193,8905150,98.72890406113316,51.574201445231125,524832,14592,40686,90,7.752194988110481,524832
23,B11,TurboSSS_DS81-B11,TGTGTGTGTC,230816,GEX,ZM,BT504,TMZ,1e-5,7,Fridge,PCR1-10_PCR2-8,2,Human,SI-TT-H10,TTATCTAG,TTATCTAGTGTGTGTGTC,274468,253142,13270,15485,556365,97.21675518769153,45.499267567154654,36474,7657,4821,57,13.217634479355155,36474
12,A12,TurboSSS_DS44-A12,TTAAGTGACG,230816,GEX,ZM,BT504,DMSO,0,7,Fridge,PCR1-10_PCR2-8,3,Human,SI-TT-H10,TTATCTAG,TTATCTAGTTAAGTGACG,3154764,2265818,114968,76300,5611850,98.64037705925853,40.37559806480929,272243,13494,28253,88,10.37786095510261,272243
91,H7,TurboSSS_DS349-H7,TTATGAGCTG,230816,GEX,ZM,BT504,DMSO,0,7,Freezer,PCR1-10_PCR2-8,1,Human,SI-TT-H10,TTATCTAG,TTATCTAGTTATGAGCTG,2768262,3030553,170615,76796,6046226,98.72985230786941,50.12305196663175,384617,13710,29359,89,7.6333079401066515,384617
20,B8,TurboSSS_DS74-B8,TTCATGCGAT,230816,GEX,ZM,BT504,TMZ,3.16e-5,7,Freezer,PCR1-10_PCR2-8,2,Human,SI-TT-H10,TTATCTAG,TTATCTAGTTCATGCGAT,275808,459260,24719,16761,776548,97.84160154942128,59.141225011203424,55867,9145,4660,61,8.341239014087028,55867
82,G10,TurboSSS_DS304-G10,TTCCGAGCCT,230816,GEX,DB,NIH3T3,None,0,0,Freezer,PCR1-10_PCR2-8,1,Mouse,SI-TT-H10,TTATCTAG,TTATCTAGTTCCGAGCCT,379550,344255,17851,1555498,2297154,32.28586328996663,14.986152430355126,49285,6985,1473,59,2.988738967231409,49285
95,H11,TurboSSS_DS378-H11,TTCGAGTTCG,230816,NTC,DB,NA,None,0,0,Freezer,PCR1-10_PCR2-8,2,None,SI-TT-H10,TTATCTAG,TTATCTAGTTCGAGTTCG,19767,22900,1125,6994,50786,86.22848816603,45.091166857007835,4055,2082,590,25,14.549938347718866,4055
53,E5,TurboSSS_DS196-E5,TTCTAGCAAG,230816,GEX,ZM,BT504,TMZ,1e-6,5,Freezer,PCR1-10_PCR2-8,2,Human,SI-TT-H10,TTATCTAG,TTATCTAGTTCTAGCAAG,3686170,3500862,181268,114018,7482318,98.47616741229122,46.788468493319854,381954,14011,38304,89,10.028432743209915,381954
69,F9,TurboSSS_DS270-F9,TTGTCAGTGT,230816,GEX,ZM,BT504,TMZ,3.16e-7,7,Freezer,PCR1-10_PCR2-8,3,Human,SI-TT-H10,TTATCTAG,TTATCTAGTTGTCAGTGT,10644731,12134006,639338,335865,23753940,98.58606614313247,51.08207733117116,1376500,16877,88572,92,6.434580457682529,1376500
39,D3,TurboSSS_DS139-D3,TTTCGACGTA,230816,GEX,ZM,BT504,TMZ,3.16e-6,3,Freezer,PCR1-10_PCR2-8,3,Human,SI-TT-H10,TTATCTAG,TTATCTAGTTTCGACGTA,1280948,1563555,86976,41839,2973318,98.59285148779915,52.586201677721654,187697,12324,16890,83,8.998545528165074,187697
14,B2,TurboSSS_DS54-B2,TTTGTTGTGA,230816,GEX,ZM,BT504,TMZ,3.16e-5,3,Freezer,PCR1-10_PCR2-8,2,Human,SI-TT-H10,TTATCTAG,TTATCTAGTTTGTTGTGA,280689,541047,33521,13955,869212,98.39452285518378,62.24568919895261,74528,10034,5380,73,7.21876341777587,74528
