Num,Well,Primer_ID,Well_BC,Date,Input,Researcher,Cell_type,Cell_number,Genotype,Ligand,Timepoint_Day,Replicate,Species,Intergenic,Exon,Ambiguity,Unmapped,Reads,Mapped,Exon_Map,sum,detected,subsets_Mito_sum,subsets_Mito_detected,subsets_Mito_percent,total
63,F3,TurboSSS_DS246-F3,AAAGACTTCG,23091004,GEX,HS,pre-pDC_like,10000,KO,Flt3L,7,1,Mouse,162064,312114,7201,6517,487896,98.66426451538852,63.97142013871808,216405,9939,2031,10,0.9385180564219865,216405
41,D5,TurboSSS_DS143-D5,AAAGTGTGTG,23091004,GEX,HS,CDP,10000,KO,Flt3L,5,2,Mouse,191126,340984,7933,7684,547727,98.59711133466125,62.254371246989834,246920,10123,2636,12,1.0675522436416653,246920
31,C7,TurboSSS_DS97-C7,AACGAGCCTG,23091004,GEX,HS,pre-pDC_like,10000,WT,Flt3L,5,2,Mouse,200643,400782,9389,9018,619832,98.545089637192,64.65977877876587,257996,10384,2712,9,1.0511790880478766,257996
74,G2,TurboSSS_DS279-G2,AACGTCAGCC,23091004,GEX,DB,NTC,0,None,None,0,2,None,808,978,90,1302,3178,59.030837004405285,30.77407174323474,746,574,35,7,4.6916890080428955,746
79,G7,TurboSSS_DS292-G7,AAGATTTGCC,23091004,GEX,DB,HEK293T,10000,WT,None,0,7,Human,448116,285530,17435,1625138,2376219,31.60823981291287,12.016148343229306,198285,10205,590,8,0.2975515041480697,198285
59,E11,TurboSSS_DS227-E11,ACAAAGAGAG,23091004,GEX,HS,pre-pDC_like,10000,WT,Flt3L,7,3,Mouse,5685,9575,274,2516,18050,86.06094182825484,53.04709141274239,7079,2983,94,8,1.3278711682441022,7079
22,B10,TurboSSS_DS76-B10,ACACCCGTCA,23091004,GEX,HS,Total_DC_culture,10000,KO,Flt3L,1,2,Mouse,368690,728314,16750,12411,1126165,98.89794124306829,64.67205072080911,490720,11625,5084,12,1.0360286925334203,490720
2,A2,TurboSSS_DS21-A2,ACAGTAGCTC,23091004,GEX,HS,Total_DC_culture,8750,WT,None,0,1,Mouse,196414,364739,8924,7990,578067,98.61780727839506,63.096319284788784,234718,10742,2223,10,0.9470939595599825,234718
68,F8,TurboSSS_DS264-F8,ACATCCATGT,23091004,GEX,HS,cDC2,10000,KO,Flt3L,7,2,Mouse,39380,69324,1514,2184,112402,98.05697407519439,61.67505916264835,45552,6946,356,9,0.781524411661398,45552
43,D7,TurboSSS_DS150-D7,ACCGACGTAA,23091004,GEX,HS,pre-pDC_like,10000,KO,Flt3L,5,2,Mouse,276948,545251,12498,11349,846046,98.65858357583394,64.44696860454397,356726,10783,4122,11,1.1555087097660388,356726
92,H8,TurboSSS_DS357-H8,ACGCCTATCG,23091004,GEX,DB,NIH3T3,10000,None,None,0,2,Mouse,2156285,2315350,75879,100256,4647770,97.84292251983209,49.816363546388914,1443994,14205,40778,13,2.8239729527962028,1443994
64,F4,TurboSSS_DS247-F4,ACGTTTGATG,23091004,GEX,HS,cDC2,10000,KO,Flt3L,7,1,Mouse,44274,82073,1806,3524,131677,97.32375433826712,62.329032405051755,54281,7332,506,8,0.9321862161714043,54281
10,A10,TurboSSS_DS40-A10,AGACGCATCG,23091004,GEX,HS,Total_DC_culture,6650,WT,Flt3L,1,12,Mouse,567390,1070055,25309,20499,1683253,98.78217950599226,63.57065753038908,629156,12022,6440,11,1.0235935125787563,629156
42,D6,TurboSSS_DS146-D6,AGAGTGCAAA,23091004,GEX,HS,preDC,10000,KO,Flt3L,5,2,Mouse,835273,1544964,35009,29535,2444781,98.79191633115605,63.194372011235366,1005735,12152,9358,11,0.9304637901634127,1005735
38,D2,TurboSSS_DS138-D2,AGCACGTTTA,23091004,GEX,HS,preDC,10000,KO,Flt3L,5,1,Mouse,266173,516136,11318,9623,803250,98.80199190787427,64.25596016184252,335929,10389,3504,10,1.043077555078603,335929
15,B3,TurboSSS_DS58-B3,AGTGACAGCG,23091004,GEX,HS,Total_DC_culture,10000,KO,None,0,2,Mouse,261398,456247,10999,9648,738292,98.69319998049552,61.7976356238453,285492,11196,2782,10,0.9744581284239138,285492
35,C11,TurboSSS_DS109-C11,AGTTCCGTGA,23091004,GEX,HS,pre-pDC_like,10000,WT,Flt3L,5,3,Mouse,111777,221064,5038,5066,342945,98.52279520039656,64.46048200148712,141832,9239,1394,10,0.9828529527892155,141832
90,H6,TurboSSS_DS348-H6,ATAGAACCGC,23091004,GEX,DB,PBMC,10000,None,None,0,6,Human,90452,86814,3829,518730,699825,25.877183581609685,12.40510127531883,57752,7283,450,8,0.779193794154315,57752
25,C1,TurboSSS_DS83-C1,ATCAAGAACG,23091004,GEX,HS,CDP,10000,WT,Flt3L,5,1,Mouse,62039,166527,3257,5214,237037,97.80034340630365,70.2535891021233,110252,8766,741,9,0.6720966513079127,110252
60,E12,TurboSSS_DS236-E12,ATCAGCGCGA,23091004,GEX,HS,cDC2,10000,WT,Flt3L,7,3,Mouse,17087,30750,679,6591,55107,88.03963198867658,55.800533507539875,19209,4604,215,8,1.1192670102556095,19209
29,C5,TurboSSS_DS88-C5,ATCGCGTTGT,23091004,GEX,HS,CDP,10000,WT,Flt3L,5,2,Mouse,107570,274308,5165,6968,394011,98.23152145498476,69.61937610878884,171404,9658,1062,8,0.6195888077291078,171404
45,D9,TurboSSS_DS154-D9,ATGCAGTAGA,23091004,GEX,HS,CDP,10000,KO,Flt3L,5,3,Mouse,225937,411934,9372,8148,655391,98.7567726746324,62.85316704074362,268906,10089,2835,10,1.054271752954564,268906
67,F7,TurboSSS_DS262-F7,ATGTCGCGTG,23091004,GEX,HS,pre-pDC_like,10000,KO,Flt3L,7,2,Mouse,77122,142704,3289,4028,227143,98.22666778196995,62.8256208643894,91662,8343,950,8,1.036416399380332,91662
61,F1,TurboSSS_DS239-F1,ATGTTGCACA,23091004,GEX,HS,CDP,10000,KO,Flt3L,7,1,Mouse,109208,187845,4412,4714,306179,98.46037775288312,61.35136635758821,123993,8860,1169,9,0.9427951577911656,123993
89,H5,TurboSSS_DS346-H5,CAATCACTGA,23091004,GEX,DB,PBMC,10000,None,None,0,5,Human,95116,89809,2962,504857,692744,27.12214035776563,12.964240758490872,59879,7241,400,8,0.6680138278862373,59879
73,G1,TurboSSS_DS276-G1,CAATTGTTCG,23091004,GEX,DB,NTC,0,None,None,0,1,None,5707,8481,254,6827,21269,67.90164088579623,39.87493535192064,5773,2521,116,8,2.0093538887926554,5773
21,B9,TurboSSS_DS75-B9,CACACTAGCG,23091004,GEX,HS,Total_DC_culture,10000,KO,Flt3L,1,2,Mouse,511375,998519,23636,16018,1549548,98.96627919883734,64.43937199751153,631616,11961,6117,10,0.9684681831999189,631616
75,G3,TurboSSS_DS280-G3,CATGTACTTG,23091004,GEX,DB,NTC,0,None,None,0,3,None,1644,2202,94,2153,6093,64.66436894797309,36.1398325947809,1513,1053,35,7,2.313284864507601,1513
27,C3,TurboSSS_DS85-C3,CCAAGACGTG,23091004,GEX,HS,pre-pDC_like,10000,WT,Flt3L,5,1,Mouse,142509,291200,6624,5985,446318,98.65902786802235,65.24495987166101,199541,10055,1916,13,0.9602036674167213,199541
5,A5,TurboSSS_DS27-A5,CCGTATGTAG,23091004,GEX,HS,Total_DC_culture,10000,WT,None,0,3,Mouse,150540,270493,6383,7139,434555,98.35716997848374,62.24597576831471,177808,10335,1714,9,0.9639611266084767,177808
83,G11,TurboSSS_DS311-G11,CCGTCATACC,23091004,GEX,DB,NTC,0,None,None,0,5,None,824,1065,68,1214,3171,61.71554714601072,33.58561967833491,778,599,28,7,3.5989717223650386,778
76,G4,TurboSSS_DS288-G4,CCTCTGAGCA,23091004,GEX,DB,HEK293T,10000,WT,None,0,4,Human,1127896,783159,72073,5008515,6991643,28.364262877838584,11.201358536183841,494605,12347,2037,9,0.4118437945431203,494605
81,G9,TurboSSS_DS302-G9,CGCCGATATC,23091004,GEX,DB,HEK293T,10000,WT,None,0,9,Human,613002,362296,31541,2224242,3231081,31.161057243690266,11.212841770292977,241907,10661,825,8,0.3410401517938712,241907
86,H2,TurboSSS_DS322-H2,CGTAAGTGTT,23091004,GEX,DB,PBMC,10000,None,None,0,2,Human,58930,50423,1567,259266,370186,29.963315738574664,13.620990529085377,33987,5897,239,7,0.7032100509018154,33987
4,A4,TurboSSS_DS25-A4,CGTCAATAGT,23091004,GEX,HS,Total_DC_culture,10000,WT,None,0,2,Mouse,522392,930493,22059,20795,1495739,98.60971733704878,62.209583356454566,574208,12154,5445,12,0.948262650468123,574208
52,E4,TurboSSS_DS194-E4,CGTCACTCTA,23091004,GEX,HS,cDC2,10000,WT,Flt3L,7,1,Mouse,15921,25130,576,2337,43964,94.68428714402692,57.16040396688199,16524,4901,86,8,0.5204550956184943,16524
46,D10,TurboSSS_DS160-D10,CGTTGAACTG,23091004,GEX,HS,preDC,10000,KO,Flt3L,5,3,Mouse,235494,433454,9156,8421,686525,98.77338771348458,63.137394850879424,280555,10209,2498,11,0.8903780007485164,280555
32,C8,TurboSSS_DS98-C8,CTACATGTCG,23091004,GEX,HS,cDC2,10000,WT,Flt3L,5,2,Mouse,194628,400873,9214,7458,612173,98.78171693295849,65.48361329232097,249712,10393,2186,10,0.8754084705580829,249712
56,E8,TurboSSS_DS216-E8,CTAGCCTCGA,23091004,GEX,HS,pre-pDC_like,10000,WT,Flt3L,7,2,Mouse,60619,122764,2969,3089,189441,98.36941316821596,64.80328967858067,77211,8025,855,9,1.1073551696001864,77211
36,C12,TurboSSS_DS131-C12,CTCGTCTCTC,23091004,GEX,HS,cDC2,10000,WT,Flt3L,5,3,Mouse,67033,131333,3036,2656,204058,98.69840927579413,64.36062296013878,85714,7953,779,8,0.9088363627878759,85714
62,F2,TurboSSS_DS243-F2,CTGAAACGAG,23091004,GEX,HS,pDC,10000,KO,Flt3L,7,1,Mouse,38958,76499,1719,3177,120353,97.36026521981172,63.56218789726886,50280,7782,392,9,0.7796340493237868,50280
96,H12,TurboSSS_DS380-H12,CTGTCTTGTA,23091004,NTC,DB,NIH3T3,10000,None,None,0,6,Mouse,1174666,1280239,33033,50938,2538876,97.99367909263785,50.42542447917897,816733,12438,18514,13,2.2668362855425213,816733
49,E1,TurboSSS_DS187-E1,CTTAGTGTCC,23091004,GEX,HS,CDP,10000,WT,Flt3L,7,1,Mouse,17659,46860,885,2059,67463,96.9479566577235,69.46029675525843,30685,5765,245,8,0.7984357177774157,30685
1,A1,TurboSSS_DS8-A1,CTTGATCGCG,23091004,GEX,HS,Total_DC_culture,8750,WT,None,0,1,Mouse,151453,250265,6320,7277,415315,98.24783597991886,60.25908045700251,163110,10082,1408,8,0.863221139108577,163110
80,G8,TurboSSS_DS293-G8,CTTTCGTGAC,23091004,GEX,DB,HEK293T,10000,WT,None,0,8,Human,336133,207904,10364,1123002,1677403,33.051151094877014,12.394397768455164,139003,9195,382,9,0.2748142126428926,139003
57,E9,TurboSSS_DS217-E9,GAAAGCAGTG,23091004,GEX,HS,CDP,10000,WT,Flt3L,7,3,Mouse,14408,36583,770,2012,53773,96.25834526621166,68.0322838599297,24349,5109,163,8,0.6694320095281121,24349
7,A7,TurboSSS_DS33-A7,GAACTACGAA,23091004,GEX,DB,HEK293T,10000,WT,None,0,1,Human,32018,20184,1274,110335,163811,32.644938374101855,12.321516870051461,16271,4304,51,7,0.31344109151250693,16271
33,C9,TurboSSS_DS107-C9,GAAGTTCCGT,23091004,GEX,HS,CDP,10000,WT,Flt3L,5,3,Mouse,195592,516776,10255,9346,731969,98.72316997031295,70.60080413241543,325883,10873,2360,10,0.7241862877167572,325883
66,F6,TurboSSS_DS261-F6,GAATCCTACA,23091004,GEX,HS,pDC,10000,KO,Flt3L,7,2,Mouse,140604,264673,6082,5685,417044,98.63683448269248,63.46404695907386,170322,9721,1936,9,1.1366705416798768,170322
19,B7,TurboSSS_DS70-B7,GACCAGCTAT,23091004,GEX,HS,Total_DC_culture,5462,KO,Flt3L,1,1,Mouse,287629,548892,13125,10443,860089,98.78582332758586,63.81804673702373,355505,10905,4072,10,1.1454128633915135,355505
13,B1,TurboSSS_DS51-B1,GACGATAGAG,23091004,GEX,HS,Total_DC_culture,10000,KO,None,0,1,Mouse,147245,261168,6549,5495,420457,98.69308871061726,62.115269813560005,178120,10347,1919,9,1.077363575117898,178120
48,D12,TurboSSS_DS185-D12,GAGAAGAACC,23091004,GEX,HS,cDC2,10000,KO,Flt3L,5,3,Mouse,51052,98736,2037,2568,154393,98.33671215663922,63.95108586529182,69036,7717,698,8,1.0110666898429805,69036
17,B5,TurboSSS_DS65-B5,GAGCATATTC,23091004,GEX,HS,Total_DC_culture,10000,KO,None,0,3,Mouse,95603,158324,3907,4106,261940,98.43246545010308,60.442849507520805,108874,9340,1192,9,1.0948435806528647,108874
84,G12,TurboSSS_DS313-G12,GAGCCTCCAT,23091004,GEX,DB,NTC,0,None,None,0,6,None,2732,3611,134,3008,9485,68.28676858197153,38.07063784923563,2548,1437,62,8,2.4332810047095763,2548
28,C4,TurboSSS_DS87-C4,GAGCCTTTGA,23091004,GEX,HS,cDC2,10000,WT,Flt3L,5,1,Mouse,118963,232047,5288,4724,361022,98.69149248522251,64.27503033056158,152310,9348,1710,9,1.1227102619657279,152310
30,C6,TurboSSS_DS94-C6,GATGACACGA,23091004,GEX,HS,preDC,8075,WT,Flt3L,5,2,Mouse,32749,65735,1485,2010,101979,98.02900597181772,64.4593494739113,43745,6821,444,8,1.0149731397874042,43745
72,F12,TurboSSS_DS273-F12,GATTGTAACC,23091004,GEX,HS,cDC2,10000,KO,Flt3L,7,3,Mouse,19280,33727,763,1626,55396,97.064770019496,60.88345728933498,22401,5003,194,8,0.8660327663943574,22401
87,H3,TurboSSS_DS332-H3,GCACATCAAG,23091004,GEX,DB,PBMC,10000,None,None,0,3,Human,82376,75584,2872,423649,584481,27.51706214573271,12.931814721094442,51590,6965,391,8,0.7578988176003101,51590
77,G5,TurboSSS_DS290-G5,GCCAACAGAA,23091004,GEX,DB,HEK293T,10000,WT,None,0,5,Human,429101,275040,20101,1675023,2399265,30.185994460803627,11.463510700151922,194964,10236,690,9,0.35391149135224964,194964
94,H10,TurboSSS_DS377-H10,GCTACCTAGC,23091004,NTC,DB,NIH3T3,10000,None,None,0,4,Mouse,1870717,1888556,58366,85962,3903601,97.79787944515846,48.37984209964082,1182074,13832,33661,13,2.8476220608862053,1182074
71,F11,TurboSSS_DS272-F11,GCTTCGCTTT,23091004,GEX,HS,pre-pDC_like,10000,KO,Flt3L,7,3,Mouse,199157,349170,7787,7279,563393,98.7080066667495,61.97627588557189,219092,9997,1908,9,0.8708670330272215,219092
8,A8,TurboSSS_DS36-A8,GGAAACTCCA,23091004,GEX,DB,HEK293T,10000,WT,None,0,2,Human,612257,405163,28188,2216847,3262455,32.04972942155524,12.418960568038488,271236,10813,893,9,0.3292335825627866,271236
6,A6,TurboSSS_DS28-A6,GGAAAGATAC,23091004,GEX,HS,Total_DC_culture,10000,WT,None,0,3,Mouse,209812,361127,8692,7443,587074,98.73218708374073,61.51302902189503,247760,10750,2208,9,0.8911850177591216,247760
58,E10,TurboSSS_DS224-E10,GGACCGTTAA,23091004,GEX,HS,pDC,10000,WT,Flt3L,7,3,Mouse,37088,71448,1702,2761,112999,97.55661554527032,63.22887813166488,46639,6767,681,9,1.4601513754583075,46639
16,B4,TurboSSS_DS59-B4,GGACGAATTA,23091004,GEX,HS,Total_DC_culture,10000,KO,None,0,2,Mouse,240193,411591,9968,8426,670178,98.74272208278994,61.4151762666038,262198,11022,2701,11,1.030137529653163,262198
18,B6,TurboSSS_DS69-B6,GGAGTGACTT,23091004,GEX,HS,Total_DC_culture,10000,KO,None,0,3,Mouse,140670,238050,5558,5500,389778,98.58894037118564,61.07322629804658,154972,10155,1586,10,1.0234106806390832,154972
9,A9,TurboSSS_DS37-A9,GGATAGTGAG,23091004,GEX,DB,HEK293T,10000,WT,None,0,3,Human,700628,456436,33526,2586612,3777202,31.520421730158986,12.083971151132506,303529,10966,1079,8,0.3554849783710947,303529
54,E6,TurboSSS_DS197-E6,GGCCAATCAA,23091004,GEX,HS,pDC,10000,WT,Flt3L,7,2,Mouse,34741,66702,1753,3250,106446,96.94680871051989,62.662758581816135,43069,6716,557,10,1.2932735842485314,43069
24,B12,TurboSSS_DS82-B12,GGGATCATTG,23091004,GEX,HS,Total_DC_culture,7362,KO,Flt3L,1,3,Mouse,550628,1023529,27041,17929,1619127,98.89267487973457,63.21486825925329,634376,11964,6950,13,1.0955647754643933,634376
93,H9,TurboSSS_DS365-H9,GTCACCTGAC,23091004,GEX,DB,NIH3T3,10000,None,None,0,3,Mouse,854372,954128,25942,40167,1874609,97.8573131783748,50.897440479588006,626777,12358,18275,12,2.9157100531768076,626777
88,H4,TurboSSS_DS333-H4,GTCAGTTCTT,23091004,GEX,DB,PBMC,10000,None,None,0,4,Human,38771,31148,865,155821,226605,31.236733523090848,13.745504291608746,21091,4583,120,7,0.5689630648143758,21091
70,F10,TurboSSS_DS271-F10,GTTAAACGTC,23091004,GEX,HS,pDC,10000,KO,Flt3L,7,3,Mouse,79474,152962,3397,3804,239637,98.41259905607231,63.830710616474086,98681,8939,915,9,0.9272301658880636,98681
50,E2,TurboSSS_DS189-E2,GTTCGTACTC,23091004,GEX,HS,pDC,10000,WT,Flt3L,7,1,Mouse,13146,26328,658,1212,41344,97.06849845201238,63.68034055727554,17605,4630,269,8,1.5279750071002556,17605
3,A3,TurboSSS_DS24-A3,GTTCTGTCGT,23091004,GEX,HS,Total_DC_culture,10000,WT,None,0,2,Mouse,227199,406621,9528,7974,651322,98.77572076484442,62.430103696789,258226,10768,2281,10,0.8833347532781363,258226
55,E7,TurboSSS_DS207-E7,GTTTGCGTTC,23091004,GEX,HS,cDC2,8075,WT,Flt3L,7,2,Mouse,42936,81430,1960,2481,128807,98.073862445364,63.218613895207554,53791,7184,565,8,1.0503615846517076,53791
44,D8,TurboSSS_DS152-D8,TAACCAGATC,23091004,GEX,HS,cDC2,10000,KO,Flt3L,5,2,Mouse,123192,242485,5377,5086,376140,98.64784388791408,64.46668793534323,161311,9678,1408,9,0.872848100873468,161311
85,H1,TurboSSS_DS314-H1,TAATGCGAAA,23091004,GEX,DB,PBMC,10000,None,None,0,1,Human,56304,48141,1741,247348,353534,30.03558356480565,13.617077848240905,33506,5867,249,8,0.7431504805109532,33506
47,D11,TurboSSS_DS163-D11,TACCCGAGCA,23091004,GEX,HS,pre-pDC_like,10000,KO,Flt3L,5,3,Mouse,535287,1041088,23519,30448,1630342,98.13241638870862,63.85703122412353,601337,11636,6380,12,1.0609691404320705,601337
34,C10,TurboSSS_DS108-C10,TAGAGATCCG,23091004,GEX,NA,NA,NA,NA,NA,NA,NA,NA,857,1094,50,1016,3017,66.32416307590321,36.261186609214455,837,637,29,8,3.464755077658303,837
37,D1,TurboSSS_DS137-D1,TAGCTCGTTG,23091004,GEX,HS,CDP,10000,KO,Flt3L,5,1,Mouse,399780,696760,16474,12973,1125987,98.84785525943018,61.879932894429515,431527,10780,4313,9,0.9994739610731194,431527
78,G6,TurboSSS_DS291-G6,TGACCACAAG,23091004,GEX,DB,HEK293T,10000,WT,None,0,6,Human,410045,243953,14664,1390556,2059218,32.47164700386264,11.846875852872305,165209,9729,489,7,0.29598871732169557,165209
26,C2,TurboSSS_DS84-C2,TGAGCTTAGT,23091004,GEX,NA,NA,NA,NA,NA,NA,NA,NA,2594,2983,169,2691,8437,68.10477657935284,35.35616925447434,2081,1296,60,8,2.883229216722729,2081
11,A11,TurboSSS_DS41-A11,TGATTTCGTG,23091004,GEX,HS,Total_DC_culture,7362,WT,Flt3L,1,3,Mouse,283500,539552,12796,10610,846458,98.74654147045689,63.74232389557426,349318,11087,3895,9,1.115029858180798,349318
40,D4,TurboSSS_DS140-D4,TGCACAGAGA,23091004,GEX,HS,cDC2,10000,KO,Flt3L,5,1,Mouse,117286,242403,5257,5393,370339,98.54376665703585,65.45435398378243,167400,9618,1650,9,0.985663082437276,167400
51,E3,TurboSSS_DS192-E3,TGCTTTGCGA,23091004,GEX,HS,pre-pDC_like,6175,WT,Flt3L,7,1,Mouse,13781,26516,719,2216,43232,94.8741672834937,61.33419689119171,17393,4633,239,8,1.3741160236876904,17393
65,F5,TurboSSS_DS250-F5,TGTAGTTGCG,23091004,GEX,HS,CDP,10000,KO,Flt3L,7,2,Mouse,568395,927648,21523,21786,1539352,98.58472915876291,60.26224021536335,596282,11549,5002,10,0.83886483241151,596282
23,B11,TurboSSS_DS81-B11,TGTGTGTGTC,23091004,GEX,HS,Total_DC_culture,7362,KO,Flt3L,1,3,Mouse,172523,321989,7984,7360,509856,98.55645515596561,63.1529294545911,215397,10074,2342,9,1.0872946234162966,215397
12,A12,TurboSSS_DS44-A12,TTAAGTGACG,23091004,GEX,HS,Total_DC_culture,7362,WT,Flt3L,1,3,Mouse,238715,462566,10583,9873,721737,98.6320501789433,64.0906590627888,299946,10847,3380,10,1.1268695031772387,299946
91,H7,TurboSSS_DS349-H7,TTATGAGCTG,23091004,GEX,DB,NIH3T3,10000,None,None,0,1,Mouse,1393820,1556866,43344,69448,3063478,97.73303415268528,50.82021153734415,1014156,13336,30999,12,3.0566303408943005,1014156
20,B8,TurboSSS_DS74-B8,TTCATGCGAT,23091004,GEX,HS,Total_DC_culture,5462,KO,Flt3L,1,1,Mouse,170251,303865,7334,7283,488733,98.50982029042443,62.174029582614644,193484,10029,1794,11,0.927208451344814,193484
82,G10,TurboSSS_DS304-G10,TTCCGAGCCT,23091004,GEX,DB,NTC,0,None,None,0,4,None,1987,2172,138,2405,6702,64.11518949567292,32.408236347359,1580,1037,48,9,3.0379746835443036,1580
95,H11,TurboSSS_DS378-H11,TTCGAGTTCG,23091004,NTC,DB,NIH3T3,10000,None,None,0,5,Mouse,2034011,2183709,59685,96392,4373797,97.79614828946107,49.92707709114072,1366910,13835,37379,13,2.734561895077218,1366910
53,E5,TurboSSS_DS196-E5,TTCTAGCAAG,23091004,GEX,HS,CDP,10000,WT,Flt3L,7,2,Mouse,41723,100295,2097,4069,148184,97.2540895103385,67.68274577552232,62577,7414,436,9,0.696741614331144,62577
69,F9,TurboSSS_DS270-F9,TTGTCAGTGT,23091004,GEX,HS,CDP,10000,KO,Flt3L,7,3,Mouse,147733,250133,5873,6183,409922,98.49166426783631,61.01965739823674,162689,9249,1594,10,0.9797835133291126,162689
39,D3,TurboSSS_DS139-D3,TTTCGACGTA,23091004,GEX,HS,pre-pDC_like,10000,KO,Flt3L,5,1,Mouse,214030,435750,9863,9173,668816,98.62847180689457,65.1524485060166,281818,10383,2920,9,1.0361297007288393,281818
14,B2,TurboSSS_DS54-B2,TTTGTTGTGA,23091004,GEX,HS,Total_DC_culture,10000,KO,None,0,1,Mouse,237036,397981,9998,10520,655535,98.39520391741097,60.71086974761073,260875,11024,2713,11,1.0399616674652612,260875
