Num,Well,Primer_ID,Well_BC,Sample_ID,Date,Plate_Num,Plate_BC,Plate_index,Sample_BC,Replicate,Species,Subset,Receptor,Donor,Timepoint,Cell_line,Intergenic,Exon,Ambiguity,Unmapped,Reads,Mapped,Exon_Map,sum,detected,subsets_Mito_sum,subsets_Mito_detected,subsets_Mito_percent,total
63,F3,TurboSSS_DS246-F3,AAAGACTTCG,CD4_CTRL_D64_T0,240824,Tcell,SI-TT-D8,CGCTGAAA,CGCTGAAAAAAGACTTCG,3,Human,CD4,CTRL,Donor_64,Day_0,CAR,63602,208305,11575,2952,286434,98.96939609124615,72.72355935398731,75858,7954,1178,57,1.5529014738063225,75858
41,D5,TurboSSS_DS143-D5,AAAGTGTGTG,CD8_CTRL_D64_T5,240824,Tcell,SI-TT-D8,CGCTGAAA,CGCTGAAAAAAGTGTGTG,2,Human,CD8,CTRL,Donor_64,Day_5,CAR,43986,172881,9066,2649,228582,98.84111609838045,75.63193952279707,68306,7583,2103,55,3.078792492606799,68306
31,C7,TurboSSS_DS97-C7,AACGAGCCTG,CD8_CTRL_D47_T6,240824,Tcell,SI-TT-D8,CGCTGAAA,CGCTGAAAAACGAGCCTG,1,Human,CD8,CTRL,Donor_47,Day_6,CAR,278244,1269023,80803,14984,1643054,99.08803971141545,77.23562341834169,495806,11597,8418,78,1.6978414944554927,495806
74,G2,TurboSSS_DS279-G2,AACGTCAGCC,CD8_CTRL_D47_T0,240824,Tcell,SI-TT-D8,CGCTGAAA,CGCTGAAAAACGTCAGCC,2,Human,CD8,CTRL,Donor_47,Day_0,CAR,79844,209350,11435,3774,304403,98.76019618729119,68.77396083481437,92715,8987,2122,66,2.2887342932643047,92715
79,G7,TurboSSS_DS292-G7,AAGATTTGCC,CD8_CTRL_D47_T13,240824,Tcell,SI-TT-D8,CGCTGAAA,CGCTGAAAAAGATTTGCC,1,Human,CD8,CTRL,Donor_47,Day_13,CAR,166154,555083,33662,8489,763388,98.88798356798901,72.7130895429323,221446,10654,4585,73,2.0704821943047063,221446
59,E11,TurboSSS_DS227-E11,ACAAAGAGAG,CD4_CTRL_D47_T15,240824,Tcell,SI-TT-D8,CGCTGAAA,CGCTGAAAACAAAGAGAG,2,Human,CD4,CTRL,Donor_47,Day_15,CAR,139712,562473,32560,7550,742295,98.98288416330435,75.77486039916744,229355,10835,4012,77,1.749253340890759,229355
22,B10,TurboSSS_DS76-B10,ACACCCGTCA,CD4_CTRL_D64_T8,240824,Tcell,SI-TT-D8,CGCTGAAA,CGCTGAAAACACCCGTCA,1,Human,CD4,CTRL,Donor_64,Day_8,CAR,65800,223501,12761,4089,306151,98.66438456839926,73.00351787189982,122927,9545,2677,66,2.177715229363769,122927
2,A2,TurboSSS_DS21-A2,ACAGTAGCTC,CD4_CTRL_D47_T2,240824,Tcell,SI-TT-D8,CGCTGAAA,CGCTGAAAACAGTAGCTC,2,Human,CD4,CTRL,Donor_47,Day_2,CAR,1989517,9223899,572585,100064,11886065,99.15814022554983,77.6026296339453,3082833,15040,49129,89,1.5936315719988725,3082833
68,F8,TurboSSS_DS264-F8,ACATCCATGT,CD4_CTRL_D64_T13,240824,Tcell,SI-TT-D8,CGCTGAAA,CGCTGAAAACATCCATGT,2,Human,CD4,CTRL,Donor_64,Day_13,CAR,130502,527141,31657,7215,696515,98.96412855430249,75.68264861488984,203245,10492,2947,70,1.449974169106251,203245
43,D7,TurboSSS_DS150-D7,ACCGACGTAA,CD8_CTRL_D64_T6,240824,Tcell,SI-TT-D8,CGCTGAAA,CGCTGAAAACCGACGTAA,1,Human,CD8,CTRL,Donor_64,Day_6,CAR,241205,1154433,71057,13181,1479876,99.10931726712238,78.00876559927994,449200,11330,7525,76,1.67520035618878,449200
92,H8,TurboSSS_DS357-H8,ACGCCTATCG,CD8_CTRL_D64_T13,240824,Tcell,SI-TT-D8,CGCTGAAA,CGCTGAAAACGCCTATCG,2,Human,CD8,CTRL,Donor_64,Day_13,CAR,1820,5995,351,920,9086,89.8745322474136,65.98062953995158,2762,1283,111,21,4.018826937002172,2762
64,F4,TurboSSS_DS247-F4,ACGTTTGATG,CD4_CTRL_D64_T1,240824,Tcell,SI-TT-D8,CGCTGAAA,CGCTGAAAACGTTTGATG,1,Human,CD4,CTRL,Donor_64,Day_1,CAR,157829,888976,59758,8613,1115176,99.22765554495435,79.71620623112405,343439,10247,4284,70,1.2473830869528504,343439
10,A10,TurboSSS_DS40-A10,AGACGCATCG,CD4_CTRL_D47_T8,240824,Tcell,SI-TT-D8,CGCTGAAA,CGCTGAAAAGACGCATCG,1,Human,CD4,CTRL,Donor_47,Day_8,CAR,265959,925046,53572,12375,1256952,99.0154755312852,73.59437751004016,349065,11632,6571,78,1.8824574219701202,349065
42,D6,TurboSSS_DS146-D6,AGAGTGCAAA,CD8_CTRL_D64_T5,240824,Tcell,SI-TT-D8,CGCTGAAA,CGCTGAAAAGAGTGCAAA,3,Human,CD8,CTRL,Donor_64,Day_5,CAR,82183,277068,15609,6036,380896,98.41531546668907,72.7411156851214,105786,8967,3669,65,3.4683228404514774,105786
38,D2,TurboSSS_DS138-D2,AGCACGTTTA,CD8_CTRL_D64_T2,240824,Tcell,SI-TT-D8,CGCTGAAA,CGCTGAAAAGCACGTTTA,2,Human,CD8,CTRL,Donor_64,Day_2,CAR,451888,2247242,150752,23356,2873238,99.18711920140274,78.2128734201622,873616,12341,16003,84,1.8318116884306148,873616
15,B3,TurboSSS_DS58-B3,AGTGACAGCG,CD4_CTRL_D64_T2,240824,Tcell,SI-TT-D8,CGCTGAAA,CGCTGAAAAGTGACAGCG,3,Human,CD4,CTRL,Donor_64,Day_2,CAR,844202,3459899,216316,42639,4563056,99.06556044896227,75.824162578763,1264540,13407,25975,84,2.0541066316605248,1264540
35,C11,TurboSSS_DS109-C11,AGTTCCGTGA,CD8_CTRL_D47_T8,240824,Tcell,SI-TT-D8,CGCTGAAA,CGCTGAAAAGTTCCGTGA,2,Human,CD8,CTRL,Donor_47,Day_8,CAR,136599,504612,30773,7469,679453,98.90073338406042,74.26738861996341,192452,10409,3825,71,1.9875085735663958,192452
90,H6,TurboSSS_DS348-H6,ATAGAACCGC,CD8_CTRL_D64_T1,240824,Tcell,SI-TT-D8,CGCTGAAA,CGCTGAAAATAGAACCGC,3,Human,CD8,CTRL,Donor_64,Day_1,CAR,2323,7844,525,1449,12141,88.06523350630096,64.60752821019685,3595,1538,134,22,3.727399165507649,3595
25,C1,TurboSSS_DS83-C1,ATCAAGAACG,CD8_CTRL_D47_T2,240824,Tcell,SI-TT-D8,CGCTGAAA,CGCTGAAAATCAAGAACG,1,Human,CD8,CTRL,Donor_47,Day_2,CAR,398138,1737099,116204,21285,2272726,99.0634594755373,76.43239880214333,658739,11996,12792,84,1.9418920088229177,658739
60,E12,TurboSSS_DS236-E12,ATCAGCGCGA,CD4_CTRL_D47_T15,240824,Tcell,SI-TT-D8,CGCTGAAA,CGCTGAAAATCAGCGCGA,3,Human,CD4,CTRL,Donor_47,Day_15,CAR,198292,531745,30180,9922,770139,98.71166114169,69.04532818101667,203962,11243,2936,75,1.4394838254184603,203962
29,C5,TurboSSS_DS88-C5,ATCGCGTTGT,CD8_CTRL_D47_T5,240824,Tcell,SI-TT-D8,CGCTGAAA,CGCTGAAAATCGCGTTGT,2,Human,CD8,CTRL,Donor_47,Day_5,CAR,70585,271861,16564,4402,363412,98.78870262952242,74.80793149373163,103454,8684,2997,64,2.8969397026697856,103454
45,D9,TurboSSS_DS154-D9,ATGCAGTAGA,CD8_CTRL_D64_T6,240824,Tcell,SI-TT-D8,CGCTGAAA,CGCTGAAAATGCAGTAGA,3,Human,CD8,CTRL,Donor_64,Day_6,CAR,230401,1048098,66695,12907,1358101,99.04962885676397,77.17378898918416,411742,11278,7357,78,1.7867985291760375,411742
67,F7,TurboSSS_DS262-F7,ATGTCGCGTG,CD4_CTRL_D64_T13,240824,Tcell,SI-TT-D8,CGCTGAAA,CGCTGAAAATGTCGCGTG,1,Human,CD4,CTRL,Donor_64,Day_13,CAR,96084,382117,22509,5076,505786,98.99641350294394,75.54914529069606,155014,9886,2417,68,1.5592140064768345,155014
61,F1,TurboSSS_DS239-F1,ATGTTGCACA,CD4_CTRL_D64_T0,240824,Tcell,SI-TT-D8,CGCTGAAA,CGCTGAAAATGTTGCACA,1,Human,CD4,CTRL,Donor_64,Day_0,CAR,28835,96314,5117,1405,131671,98.93294651062116,73.14746603276348,37828,6078,584,41,1.5438299672200486,37828
89,H5,TurboSSS_DS346-H5,CAATCACTGA,CD8_CTRL_D64_T1,240824,Tcell,SI-TT-D8,CGCTGAAA,CGCTGAAACAATCACTGA,2,Human,CD8,CTRL,Donor_64,Day_1,CAR,2159,7758,483,1360,11760,88.43537414965986,65.96938775510203,3638,1567,157,19,4.315557998900495,3638
73,G1,TurboSSS_DS276-G1,CAATTGTTCG,CD8_CTRL_D47_T0,240824,Tcell,SI-TT-D8,CGCTGAAA,CGCTGAAACAATTGTTCG,1,Human,CD8,CTRL,Donor_47,Day_0,CAR,159307,414441,23149,6834,603731,98.86803891136947,68.64663235778849,144366,10229,3680,70,2.549076652397379,144366
21,B9,TurboSSS_DS75-B9,CACACTAGCG,CD4_CTRL_D64_T6,240824,Tcell,SI-TT-D8,CGCTGAAA,CGCTGAAACACACTAGCG,3,Human,CD4,CTRL,Donor_64,Day_6,CAR,197889,656788,37354,11113,903144,98.7695206965888,72.72240085744909,255081,11027,5828,72,2.2847644473716193,255081
75,G3,TurboSSS_DS280-G3,CATGTACTTG,CD8_CTRL_D47_T0,240824,Tcell,SI-TT-D8,CGCTGAAA,CGCTGAAACATGTACTTG,3,Human,CD8,CTRL,Donor_47,Day_0,CAR,148040,366799,20187,5714,540740,98.94329992232866,67.8327847024448,131476,9885,3105,66,2.361647753202105,131476
27,C3,TurboSSS_DS85-C3,CCAAGACGTG,CD8_CTRL_D47_T2,240824,Tcell,SI-TT-D8,CGCTGAAA,CGCTGAAACCAAGACGTG,3,Human,CD8,CTRL,Donor_47,Day_2,CAR,760503,3718817,243537,39651,4762508,99.16743446940141,78.0852651586097,1415262,13216,24004,82,1.6960817149050849,1415262
5,A5,TurboSSS_DS27-A5,CCGTATGTAG,CD4_CTRL_D47_T5,240824,Tcell,SI-TT-D8,CGCTGAAA,CGCTGAAACCGTATGTAG,2,Human,CD4,CTRL,Donor_47,Day_5,CAR,94349,309346,16593,4729,425017,98.8873386241021,72.78438274233736,118169,9149,3697,65,3.128570098756865,118169
83,G11,TurboSSS_DS311-G11,CCGTCATACC,CD8_CTRL_D47_T15,240824,Tcell,SI-TT-D8,CGCTGAAA,CGCTGAAACCGTCATACC,2,Human,CD8,CTRL,Donor_47,Day_15,CAR,143932,424965,23999,6322,599218,98.94495826226849,70.91993231177969,183732,10407,3498,70,1.9038599699562408,183732
76,G4,TurboSSS_DS288-G4,CCTCTGAGCA,CD8_CTRL_D47_T1,240824,Tcell,SI-TT-D8,CGCTGAAA,CGCTGAAACCTCTGAGCA,1,Human,CD8,CTRL,Donor_47,Day_1,CAR,299138,1393906,97888,14613,1805545,99.19065988385778,77.20139902356352,508148,11442,7615,78,1.4985791541047095,508148
81,G9,TurboSSS_DS302-G9,CGCCGATATC,CD8_CTRL_D47_T13,240824,Tcell,SI-TT-D8,CGCTGAAA,CGCTGAAACGCCGATATC,3,Human,CD8,CTRL,Donor_47,Day_13,CAR,230235,780049,43684,10078,1064046,99.05286049663266,73.30970653524378,295783,11174,5356,75,1.8107869620634047,295783
86,H2,TurboSSS_DS322-H2,CGTAAGTGTT,CD8_CTRL_D64_T0,240824,Tcell,SI-TT-D8,CGCTGAAA,CGCTGAAACGTAAGTGTT,2,Human,CD8,CTRL,Donor_64,Day_0,CAR,1557,4785,343,856,7541,88.64872032886885,63.45312292799363,2171,1086,75,15,3.454629203132197,2171
4,A4,TurboSSS_DS25-A4,CGTCAATAGT,CD4_CTRL_D47_T5,240824,Tcell,SI-TT-D8,CGCTGAAA,CGCTGAAACGTCAATAGT,1,Human,CD4,CTRL,Donor_47,Day_5,CAR,142560,434608,23667,7849,608684,98.7104967437948,71.40125253826287,161763,9950,4972,70,3.073632412850899,161763
52,E4,TurboSSS_DS194-E4,CGTCACTCTA,CD4_CTRL_D47_T1,240824,Tcell,SI-TT-D8,CGCTGAAA,CGCTGAAACGTCACTCTA,1,Human,CD4,CTRL,Donor_47,Day_1,CAR,223358,1199774,81857,11574,1516563,99.23682695674364,79.11138541557456,457899,10897,5664,75,1.2369540007730961,457899
46,D10,TurboSSS_DS160-D10,CGTTGAACTG,CD8_CTRL_D64_T8,240824,Tcell,SI-TT-D8,CGCTGAAA,CGCTGAAACGTTGAACTG,1,Human,CD8,CTRL,Donor_64,Day_8,CAR,141165,511363,29639,7420,689587,98.923993636771,74.15496521831183,197890,10342,4128,73,2.0860073778361716,197890
32,C8,TurboSSS_DS98-C8,CTACATGTCG,CD8_CTRL_D47_T6,240824,Tcell,SI-TT-D8,CGCTGAAA,CGCTGAAACTACATGTCG,2,Human,CD8,CTRL,Donor_47,Day_6,CAR,269632,1287311,81234,15119,1653296,99.08552370537399,77.86331062314311,482979,11435,7377,78,1.5273956010509773,482979
56,E8,TurboSSS_DS216-E8,CTAGCCTCGA,CD4_CTRL_D47_T13,240824,Tcell,SI-TT-D8,CGCTGAAA,CGCTGAAACTAGCCTCGA,2,Human,CD4,CTRL,Donor_47,Day_13,CAR,148440,593544,34540,7130,783654,99.09015968782141,75.74056917976556,277402,10990,5042,78,1.8175788206285464,277402
36,C12,TurboSSS_DS131-C12,CTCGTCTCTC,CD8_CTRL_D47_T8,240824,Tcell,SI-TT-D8,CGCTGAAA,CGCTGAAACTCGTCTCTC,3,Human,CD8,CTRL,Donor_47,Day_8,CAR,53808,164370,9002,2684,229864,98.83235304353879,71.50750008700797,98216,9195,1970,62,2.0057831717846377,98216
62,F2,TurboSSS_DS243-F2,CTGAAACGAG,CD4_CTRL_D64_T0,240824,Tcell,SI-TT-D8,CGCTGAAA,CGCTGAAACTGAAACGAG,2,Human,CD4,CTRL,Donor_64,Day_0,CAR,73469,234495,13609,3090,324663,99.04824387133736,72.22720174457822,86329,8245,1336,57,1.547568024649886,86329
96,H12,TurboSSS_DS380-H12,CTGTCTTGTA,CD8_CTRL_D64_T15,240824,Tcell,SI-TT-D8,CGCTGAAA,CGCTGAAACTGTCTTGTA,3,Human,CD8,CTRL,Donor_64,Day_15,CAR,121273,415587,23551,5888,566299,98.9602665729588,73.38649723909101,152068,9808,2733,72,1.7972222952889496,152068
49,E1,TurboSSS_DS187-E1,CTTAGTGTCC,CD4_CTRL_D47_T0,240824,Tcell,SI-TT-D8,CGCTGAAA,CGCTGAAACTTAGTGTCC,1,Human,CD4,CTRL,Donor_47,Day_0,CAR,80676,268727,15021,3820,368244,98.96264433364834,72.97525553708954,106893,8756,1847,58,1.7278961204194847,106893
1,A1,TurboSSS_DS8-A1,CTTGATCGCG,CD4_CTRL_D47_T2,240824,Tcell,SI-TT-D8,CGCTGAAA,CGCTGAAACTTGATCGCG,1,Human,CD4,CTRL,Donor_47,Day_2,CAR,1083964,5081811,358979,54845,6579599,99.16643856259326,77.23587714084096,1703591,13641,28513,84,1.6736998493182929,1703591
80,G8,TurboSSS_DS293-G8,CTTTCGTGAC,CD8_CTRL_D47_T13,240824,Tcell,SI-TT-D8,CGCTGAAA,CGCTGAAACTTTCGTGAC,2,Human,CD8,CTRL,Donor_47,Day_13,CAR,104203,355209,20473,6153,486038,98.73404960106,73.08255733090829,142384,9830,2902,72,2.0381503539723562,142384
57,E9,TurboSSS_DS217-E9,GAAAGCAGTG,CD4_CTRL_D47_T13,240824,Tcell,SI-TT-D8,CGCTGAAA,CGCTGAAAGAAAGCAGTG,3,Human,CD4,CTRL,Donor_47,Day_13,CAR,128204,431581,24453,5997,590235,98.98396401433327,73.12019788728217,196251,10576,3995,73,2.0356584170271743,196251
7,A7,TurboSSS_DS33-A7,GAACTACGAA,CD4_CTRL_D47_T6,240824,Tcell,SI-TT-D8,CGCTGAAA,CGCTGAAAGAACTACGAA,1,Human,CD4,CTRL,Donor_47,Day_6,CAR,126418,518406,32055,5945,682824,99.12935104800066,75.9208815155882,286919,10558,5214,69,1.8172376175854508,286919
33,C9,TurboSSS_DS107-C9,GAAGTTCCGT,CD8_CTRL_D47_T6,240824,Tcell,SI-TT-D8,CGCTGAAA,CGCTGAAAGAAGTTCCGT,3,Human,CD8,CTRL,Donor_47,Day_6,CAR,194461,869075,57582,10667,1131785,99.0575065052108,76.78799418617494,387815,11136,6698,77,1.7271121539909493,387815
66,F6,TurboSSS_DS261-F6,GAATCCTACA,CD4_CTRL_D64_T1,240824,Tcell,SI-TT-D8,CGCTGAAA,CGCTGAAAGAATCCTACA,3,Human,CD4,CTRL,Donor_64,Day_1,CAR,135553,745365,52304,7024,940246,99.25296145902243,79.27340291795977,337882,10264,3869,73,1.1450743158854275,337882
19,B7,TurboSSS_DS70-B7,GACCAGCTAT,CD4_CTRL_D64_T6,240824,Tcell,SI-TT-D8,CGCTGAAA,CGCTGAAAGACCAGCTAT,1,Human,CD4,CTRL,Donor_64,Day_6,CAR,109384,477518,28349,6112,621363,99.01635597871132,76.85008602057091,228818,10167,3958,71,1.7297590224545272,228818
13,B1,TurboSSS_DS51-B1,GACGATAGAG,CD4_CTRL_D64_T2,240824,Tcell,SI-TT-D8,CGCTGAAA,CGCTGAAAGACGATAGAG,1,Human,CD4,CTRL,Donor_64,Day_2,CAR,321226,1316030,87890,15887,1741033,99.08749575682943,75.58903248818373,623845,11907,13346,82,2.139313451257925,623845
48,D12,TurboSSS_DS185-D12,GAGAAGAACC,CD8_CTRL_D64_T8,240824,Tcell,SI-TT-D8,CGCTGAAA,CGCTGAAAGAGAAGAACC,3,Human,CD8,CTRL,Donor_64,Day_8,CAR,110905,390927,23248,5475,530555,98.96806174666152,73.68265307084091,176280,10183,3721,70,2.1108463807578852,176280
17,B5,TurboSSS_DS65-B5,GAGCATATTC,CD4_CTRL_D64_T5,240824,Tcell,SI-TT-D8,CGCTGAAA,CGCTGAAAGAGCATATTC,2,Human,CD4,CTRL,Donor_64,Day_5,CAR,26278,99912,5113,1676,132979,98.7396506215267,75.13366772197114,47011,6705,1435,53,3.0524770798323795,47011
84,G12,TurboSSS_DS313-G12,GAGCCTCCAT,CD8_CTRL_D47_T15,240824,Tcell,SI-TT-D8,CGCTGAAA,CGCTGAAAGAGCCTCCAT,3,Human,CD8,CTRL,Donor_47,Day_15,CAR,72889,222044,12140,3470,310543,98.88260240932817,71.50185320551421,122200,9532,2263,62,1.8518821603927986,122200
28,C4,TurboSSS_DS87-C4,GAGCCTTTGA,CD8_CTRL_D47_T5,240824,Tcell,SI-TT-D8,CGCTGAAA,CGCTGAAAGAGCCTTTGA,1,Human,CD8,CTRL,Donor_47,Day_5,CAR,52321,191982,10593,2832,257728,98.90116712192699,74.4901601688602,89880,8264,2568,63,2.857142857142857,89880
30,C6,TurboSSS_DS94-C6,GATGACACGA,CD8_CTRL_D47_T5,240824,Tcell,SI-TT-D8,CGCTGAAA,CGCTGAAAGATGACACGA,3,Human,CD8,CTRL,Donor_47,Day_5,CAR,29094,97024,5488,1531,133137,98.85005670850327,72.87530889234398,47207,6851,1604,51,3.3978011735547695,47207
72,F12,TurboSSS_DS273-F12,GATTGTAACC,CD4_CTRL_D64_T15,240824,Tcell,SI-TT-D8,CGCTGAAA,CGCTGAAAGATTGTAACC,3,Human,CD4,CTRL,Donor_64,Day_15,CAR,98725,363164,20514,4828,487231,99.00909424892916,74.53630823982874,169780,10240,2699,74,1.5897043232418424,169780
87,H3,TurboSSS_DS332-H3,GCACATCAAG,CD8_CTRL_D64_T0,240824,Tcell,SI-TT-D8,CGCTGAAA,CGCTGAAAGCACATCAAG,3,Human,CD8,CTRL,Donor_64,Day_0,CAR,1931,5576,404,1224,9135,86.60098522167488,61.03995621237001,2925,1325,103,23,3.5213675213675217,2925
77,G5,TurboSSS_DS290-G5,GCCAACAGAA,CD8_CTRL_D47_T1,240824,Tcell,SI-TT-D8,CGCTGAAA,CGCTGAAAGCCAACAGAA,2,Human,CD8,CTRL,Donor_47,Day_1,CAR,201254,919946,58569,9625,1189394,99.19076437244513,77.34577440276308,395708,10903,5908,73,1.4930201057345316,395708
94,H10,TurboSSS_DS377-H10,GCTACCTAGC,CD8_CTRL_D64_T15,240824,Tcell,SI-TT-D8,CGCTGAAA,CGCTGAAAGCTACCTAGC,1,Human,CD8,CTRL,Donor_64,Day_15,CAR,1084,3677,217,619,5597,88.94050384134357,65.69590852242273,1844,963,71,15,3.850325379609545,1844
71,F11,TurboSSS_DS272-F11,GCTTCGCTTT,CD4_CTRL_D64_T15,240824,Tcell,SI-TT-D8,CGCTGAAA,CGCTGAAAGCTTCGCTTT,2,Human,CD4,CTRL,Donor_64,Day_15,CAR,158477,557354,31489,7499,754819,99.00651679409236,73.83942375589379,235675,10855,4296,74,1.8228492627559139,235675
8,A8,TurboSSS_DS36-A8,GGAAACTCCA,CD4_CTRL_D47_T6,240824,Tcell,SI-TT-D8,CGCTGAAA,CGCTGAAAGGAAACTCCA,2,Human,CD4,CTRL,Donor_47,Day_6,CAR,184501,746449,44081,9333,984364,99.05187511936641,75.83058705925858,315123,10989,5616,74,1.7821612513209129,315123
6,A6,TurboSSS_DS28-A6,GGAAAGATAC,CD4_CTRL_D47_T5,240824,Tcell,SI-TT-D8,CGCTGAAA,CGCTGAAAGGAAAGATAC,3,Human,CD4,CTRL,Donor_47,Day_5,CAR,78470,256741,14220,4181,353612,98.81763062339513,72.60528488852188,104759,8980,3047,64,2.908580647008849,104759
58,E10,TurboSSS_DS224-E10,GGACCGTTAA,CD4_CTRL_D47_T15,240824,Tcell,SI-TT-D8,CGCTGAAA,CGCTGAAAGGACCGTTAA,1,Human,CD4,CTRL,Donor_47,Day_15,CAR,155070,569127,33286,7649,765132,99.0003032156543,74.38285158639295,247388,10860,4176,72,1.6880366064643395,247388
16,B4,TurboSSS_DS59-B4,GGACGAATTA,CD4_CTRL_D64_T5,240824,Tcell,SI-TT-D8,CGCTGAAA,CGCTGAAAGGACGAATTA,1,Human,CD4,CTRL,Donor_64,Day_5,CAR,35080,127889,7072,2574,172615,98.50882020681864,74.08915795266924,56398,7200,1882,50,3.3369977658782224,56398
18,B6,TurboSSS_DS69-B6,GGAGTGACTT,CD4_CTRL_D64_T5,240824,Tcell,SI-TT-D8,CGCTGAAA,CGCTGAAAGGAGTGACTT,3,Human,CD4,CTRL,Donor_64,Day_5,CAR,23410,81324,4081,2094,110909,98.11196566554563,73.32497813522798,36412,6426,1271,45,3.4906074920355925,36412
9,A9,TurboSSS_DS37-A9,GGATAGTGAG,CD4_CTRL_D47_T6,240824,Tcell,SI-TT-D8,CGCTGAAA,CGCTGAAAGGATAGTGAG,3,Human,CD4,CTRL,Donor_47,Day_6,CAR,200181,696238,42867,9896,949182,98.95741807156057,73.35136991641224,297666,11200,6039,74,2.028783939045776,297666
54,E6,TurboSSS_DS197-E6,GGCCAATCAA,CD4_CTRL_D47_T1,240824,Tcell,SI-TT-D8,CGCTGAAA,CGCTGAAAGGCCAATCAA,3,Human,CD4,CTRL,Donor_47,Day_1,CAR,129868,702307,48472,6531,887178,99.26384558679318,79.16190437544664,310095,10077,3413,69,1.1006304519582708,310095
24,B12,TurboSSS_DS82-B12,GGGATCATTG,CD4_CTRL_D64_T8,240824,Tcell,SI-TT-D8,CGCTGAAA,CGCTGAAAGGGATCATTG,3,Human,CD4,CTRL,Donor_64,Day_8,CAR,73180,256895,14209,4109,348393,98.82058479935016,73.73713019492355,112676,9282,2352,72,2.0874010437005217,112676
93,H9,TurboSSS_DS365-H9,GTCACCTGAC,CD8_CTRL_D64_T13,240824,Tcell,SI-TT-D8,CGCTGAAA,CGCTGAAAGTCACCTGAC,3,Human,CD8,CTRL,Donor_64,Day_13,CAR,96,322,17,38,473,91.9661733615222,68.07610993657505,162,135,6,3,3.7037037037037033,162
88,H4,TurboSSS_DS333-H4,GTCAGTTCTT,CD8_CTRL_D64_T1,240824,Tcell,SI-TT-D8,CGCTGAAA,CGCTGAAAGTCAGTTCTT,1,Human,CD8,CTRL,Donor_64,Day_1,CAR,250,683,55,134,1122,88.05704099821747,60.87344028520499,350,268,13,6,3.7142857142857144,350
70,F10,TurboSSS_DS271-F10,GTTAAACGTC,CD4_CTRL_D64_T15,240824,Tcell,SI-TT-D8,CGCTGAAA,CGCTGAAAGTTAAACGTC,1,Human,CD4,CTRL,Donor_64,Day_15,CAR,146963,511287,29070,7340,694660,98.94336797857945,73.6024817896525,217622,10713,4046,70,1.8591870307229967,217622
50,E2,TurboSSS_DS189-E2,GTTCGTACTC,CD4_CTRL_D47_T0,240824,Tcell,SI-TT-D8,CGCTGAAA,CGCTGAAAGTTCGTACTC,2,Human,CD4,CTRL,Donor_47,Day_0,CAR,60456,193078,11216,2668,267418,99.00231098878909,72.20082417787883,82571,8146,1307,56,1.582880187959453,82571
3,A3,TurboSSS_DS24-A3,GTTCTGTCGT,CD4_CTRL_D47_T2,240824,Tcell,SI-TT-D8,CGCTGAAA,CGCTGAAAGTTCTGTCGT,3,Human,CD4,CTRL,Donor_47,Day_2,CAR,624482,2740356,177261,31011,3573110,99.1321006070342,76.69386053046226,1124410,12987,20186,89,1.7952526213747655,1124410
55,E7,TurboSSS_DS207-E7,GTTTGCGTTC,CD4_CTRL_D47_T13,240824,Tcell,SI-TT-D8,CGCTGAAA,CGCTGAAAGTTTGCGTTC,1,Human,CD4,CTRL,Donor_47,Day_13,CAR,86079,333767,20322,4542,444710,98.97866025050033,75.05273099323155,148548,9906,2709,70,1.823652960659181,148548
44,D8,TurboSSS_DS152-D8,TAACCAGATC,CD8_CTRL_D64_T6,240824,Tcell,SI-TT-D8,CGCTGAAA,CGCTGAAATAACCAGATC,2,Human,CD8,CTRL,Donor_64,Day_6,CAR,227722,1109071,69655,12837,1419285,99.09553049598918,78.1429381695713,430208,11170,6936,75,1.6122433799464444,430208
85,H1,TurboSSS_DS314-H1,TAATGCGAAA,CD8_CTRL_D64_T0,240824,Tcell,SI-TT-D8,CGCTGAAA,CGCTGAAATAATGCGAAA,1,Human,CD8,CTRL,Donor_64,Day_0,CAR,1418,5524,392,894,8228,89.13466212931453,67.13660670879922,2541,1244,92,18,3.620621802439984,2541
47,D11,TurboSSS_DS163-D11,TACCCGAGCA,CD8_CTRL_D64_T8,240824,Tcell,SI-TT-D8,CGCTGAAA,CGCTGAAATACCCGAGCA,2,Human,CD8,CTRL,Donor_64,Day_8,CAR,204434,737494,45134,11538,998600,98.84458241538154,73.85279391147607,271872,11074,5666,73,2.084068973634652,271872
34,C10,TurboSSS_DS108-C10,TAGAGATCCG,CD8_CTRL_D47_T8,240824,Tcell,SI-TT-D8,CGCTGAAA,CGCTGAAATAGAGATCCG,1,Human,CD8,CTRL,Donor_47,Day_8,CAR,89824,339241,19965,4966,453996,98.90615776350452,74.72334558013726,134091,9669,2631,72,1.9621003646777189,134091
37,D1,TurboSSS_DS137-D1,TAGCTCGTTG,CD8_CTRL_D64_T2,240824,Tcell,SI-TT-D8,CGCTGAAA,CGCTGAAATAGCTCGTTG,1,Human,CD8,CTRL,Donor_64,Day_2,CAR,856316,4274454,286721,41729,5459220,99.23562340407604,78.29788870937607,1452109,13326,27589,85,1.8999262452061108,1452109
78,G6,TurboSSS_DS291-G6,TGACCACAAG,CD8_CTRL_D47_T1,240824,Tcell,SI-TT-D8,CGCTGAAA,CGCTGAAATGACCACAAG,3,Human,CD8,CTRL,Donor_47,Day_1,CAR,219201,1044652,75685,10885,1350423,99.19395626407429,77.35739098045575,406262,10954,6037,75,1.4859868754646015,406262
26,C2,TurboSSS_DS84-C2,TGAGCTTAGT,CD8_CTRL_D47_T2,240824,Tcell,SI-TT-D8,CGCTGAAA,CGCTGAAATGAGCTTAGT,2,Human,CD8,CTRL,Donor_47,Day_2,CAR,1487911,6930921,474351,74546,8967729,99.16873045561479,77.28736004399777,2372555,14221,41787,85,1.7612658083795738,2372555
11,A11,TurboSSS_DS41-A11,TGATTTCGTG,CD4_CTRL_D47_T8,240824,Tcell,SI-TT-D8,CGCTGAAA,CGCTGAAATGATTTCGTG,2,Human,CD4,CTRL,Donor_47,Day_8,CAR,195501,734092,46488,10074,986155,98.97845673347496,74.43981929818335,282464,11236,5629,75,1.9928203240058908,282464
40,D4,TurboSSS_DS140-D4,TGCACAGAGA,CD8_CTRL_D64_T5,240824,Tcell,SI-TT-D8,CGCTGAAA,CGCTGAAATGCACAGAGA,1,Human,CD8,CTRL,Donor_64,Day_5,CAR,52976,202829,11017,2737,269559,98.98463787148638,75.24475161281946,80961,8078,2427,61,2.997739652425242,80961
51,E3,TurboSSS_DS192-E3,TGCTTTGCGA,CD4_CTRL_D47_T0,240824,Tcell,SI-TT-D8,CGCTGAAA,CGCTGAAATGCTTTGCGA,3,Human,CD4,CTRL,Donor_47,Day_0,CAR,61301,198550,11548,2608,274007,99.04819949855296,72.46165243953622,76406,7959,1202,55,1.5731748815538047,76406
65,F5,TurboSSS_DS250-F5,TGTAGTTGCG,CD4_CTRL_D64_T1,240824,Tcell,SI-TT-D8,CGCTGAAA,CGCTGAAATGTAGTTGCG,2,Human,CD4,CTRL,Donor_64,Day_1,CAR,135891,781521,55238,7314,979964,99.25364605230396,79.74997040707618,300908,10037,3685,68,1.224626796230077,300908
23,B11,TurboSSS_DS81-B11,TGTGTGTGTC,CD4_CTRL_D64_T8,240824,Tcell,SI-TT-D8,CGCTGAAA,CGCTGAAATGTGTGTGTC,2,Human,CD4,CTRL,Donor_64,Day_8,CAR,73977,285614,16257,4521,380369,98.8114173342202,75.08866390268398,113753,9262,2432,70,2.137965592116252,113753
12,A12,TurboSSS_DS44-A12,TTAAGTGACG,CD4_CTRL_D47_T8,240824,Tcell,SI-TT-D8,CGCTGAAA,CGCTGAAATTAAGTGACG,3,Human,CD4,CTRL,Donor_47,Day_8,CAR,217040,740550,44189,10050,1011829,99.00674916413742,73.18924442766514,273672,11223,5671,77,2.0721886053377765,273672
91,H7,TurboSSS_DS349-H7,TTATGAGCTG,CD8_CTRL_D64_T13,240824,Tcell,SI-TT-D8,CGCTGAAA,CGCTGAAATTATGAGCTG,1,Human,CD8,CTRL,Donor_64,Day_13,CAR,530,1879,112,317,2838,88.83016208597604,66.20859760394644,916,589,26,13,2.8384279475982535,916
20,B8,TurboSSS_DS74-B8,TTCATGCGAT,CD4_CTRL_D64_T6,240824,Tcell,SI-TT-D8,CGCTGAAA,CGCTGAAATTCATGCGAT,2,Human,CD4,CTRL,Donor_64,Day_6,CAR,213847,952778,57908,11423,1235956,99.07577616031638,77.08834295071992,358135,11097,6205,78,1.7325868736649586,358135
82,G10,TurboSSS_DS304-G10,TTCCGAGCCT,CD8_CTRL_D47_T15,240824,Tcell,SI-TT-D8,CGCTGAAA,CGCTGAAATTCCGAGCCT,1,Human,CD8,CTRL,Donor_47,Day_15,CAR,168389,527491,30718,7863,734461,98.92941898889117,71.82015110400688,204941,10736,3866,72,1.886396572672135,204941
95,H11,TurboSSS_DS378-H11,TTCGAGTTCG,CD8_CTRL_D64_T15,240824,Tcell,SI-TT-D8,CGCTGAAA,CGCTGAAATTCGAGTTCG,2,Human,CD8,CTRL,Donor_64,Day_15,CAR,927,3457,228,647,5259,87.69728085187297,65.73493059517018,1600,889,67,14,4.1875,1600
53,E5,TurboSSS_DS196-E5,TTCTAGCAAG,CD4_CTRL_D47_T1,240824,Tcell,SI-TT-D8,CGCTGAAA,CGCTGAAATTCTAGCAAG,2,Human,CD4,CTRL,Donor_47,Day_1,CAR,237091,1295396,93497,12136,1638120,99.25915073376798,79.07821160842917,474900,10926,5368,73,1.1303432301537166,474900
69,F9,TurboSSS_DS270-F9,TTGTCAGTGT,CD4_CTRL_D64_T13,240824,Tcell,SI-TT-D8,CGCTGAAA,CGCTGAAATTGTCAGTGT,3,Human,CD4,CTRL,Donor_64,Day_13,CAR,95840,369448,20956,5317,491561,98.91834380677068,75.15811872788932,155543,9921,2698,69,1.734568575892197,155543
39,D3,TurboSSS_DS139-D3,TTTCGACGTA,CD8_CTRL_D64_T2,240824,Tcell,SI-TT-D8,CGCTGAAA,CGCTGAAATTTCGACGTA,3,Human,CD8,CTRL,Donor_64,Day_2,CAR,656699,3266540,216471,34643,4174353,99.17009893509245,78.25260585293098,1211618,12952,22477,85,1.8551226541698786,1211618
14,B2,TurboSSS_DS54-B2,TTTGTTGTGA,CD4_CTRL_D64_T2,240824,Tcell,SI-TT-D8,CGCTGAAA,CGCTGAAATTTGTTGTGA,2,Human,CD4,CTRL,Donor_64,Day_2,CAR,603510,2724319,182082,34765,3544676,99.01923335165189,76.85664359732736,1044405,12943,19970,82,1.9120934886370708,1044405
